"","acidity","citric.acid","residual.sugar","chlorides","total.sulfur.dioxide","density","pH","sulphates","alcohol","quality"
"1",8.1,0,1.9,0.076,34,0.9978,3.51,0.56,9.4,5
"2",8.68,0,2.6,0.098,67,0.9968,3.2,0.68,9.8,5
"3",8.56,0.04,2.3,0.092,54,0.997,3.26,0.65,9.8,5
"4",11.48,0.56,1.9,0.075,60,0.998,3.16,0.58,9.8,6
"5",8.1,0,1.9,0.076,34,0.9978,3.51,0.56,9.4,5
"6",8.06,0,1.8,0.075,40,0.9978,3.51,0.56,9.4,5
"7",8.5,0.06,1.6,0.069,59,0.9964,3.3,0.46,9.4,5
"8",7.95,0,1.2,0.065,21,0.9946,3.39,0.47,10,7
"9",8.38,0.02,2,0.073,18,0.9968,3.36,0.57,9.5,7
"11",7.28,0.08,1.8,0.097,65,0.9959,3.28,0.54,9.2,5
"13",6.21,0,1.6,0.089,59,0.9943,3.58,0.52,9.9,5
"17",8.78,0.56,1.8,0.092,103,0.9969,3.3,0.75,10.5,7
"21",9.12,0.48,1.8,0.077,60,0.9968,3.39,0.53,9.4,6
"22",7.99,0.31,2.3,0.082,71,0.9982,3.52,0.65,9.7,5
"23",8.33,0.21,1.6,0.106,37,0.9966,3.17,0.91,9.5,5
"24",8.99,0.11,2.3,0.084,67,0.9968,3.17,0.53,9.4,5
"25",7.3,0.14,2.4,0.085,40,0.9968,3.43,0.63,9.7,6
"26",6.69,0.16,1.4,0.08,23,0.9955,3.34,0.56,9.3,5
"27",8.01,0.24,1.8,0.08,11,0.9962,3.28,0.59,9.5,5
"28",8.33,0.21,1.6,0.106,37,0.9966,3.17,0.91,9.5,5
"29",7.81,0,1.9,0.08,35,0.9972,3.47,0.55,9.4,5
"30",8.45,0,2,0.082,16,0.9964,3.38,0.59,9.8,6
"31",7.38,0.07,2.4,0.089,82,0.9958,3.35,0.54,10.1,5
"32",7.59,0,2.5,0.105,37,0.9966,3.46,0.57,10.6,6
"33",8.96,0.12,2.3,0.083,113,0.9966,3.17,0.66,9.8,5
"35",5.52,0.25,1.8,0.103,50,0.9957,3.38,0.55,9.2,5
"37",8.4,0.14,2.4,0.086,15,0.9975,3.42,0.6,10.8,6
"38",8.48,0.28,2.1,0.066,30,0.9968,3.23,0.73,9.7,7
"42",9.41,0.3,2.8,0.088,46,0.9976,3.26,0.51,9.3,4
"45",7.47,0.02,1.8,0.05,11,0.9962,3.48,0.52,9.5,5
"47",8.63,0.43,2.2,0.114,114,0.997,3.25,0.73,9.2,5
"48",8.99,0.52,1.6,0.113,37,0.9969,3.25,0.58,9.5,5
"49",6.8,0.23,1.6,0.066,12,0.9958,3.34,0.56,9.2,5
"50",5.91,0.37,1.4,0.074,96,0.9954,3.32,0.58,9.2,5
"51",9.46,0.26,1.7,0.074,23,0.9971,3.15,0.74,9.2,5
"52",7.12,0.04,2.2,0.069,15,0.9956,3.4,0.63,9.4,6
"53",7.1,0.04,2.1,0.068,14,0.9955,3.39,0.64,9.4,6
"55",8.11,0.15,2.8,0.11,73,0.9955,3.17,0.63,10.2,6
"57",10.62,0.57,3.4,0.07,10,0.9971,3.04,0.63,9.6,5
"59",8.39,0.18,2.3,0.076,54,0.9975,3.43,0.59,10,5
"60",7.69,0.31,2.4,0.074,46,0.9962,3.41,0.54,9.4,6
"61",9.2,0.4,2.2,0.079,52,0.998,3.44,0.64,9.2,5
"62",8.39,0.49,1.8,0.115,112,0.9968,3.21,0.71,9.3,5
"63",8.02,0.16,1.9,0.085,35,0.9968,3.38,0.62,9.5,7
"64",7.74,0.05,2,0.081,54,0.9966,3.39,0.57,9.8,5
"67",8.02,0.11,1.5,0.079,39,0.9968,3.42,0.58,9.6,5
"68",7.3,0.07,1.6,0.076,15,0.9962,3.44,0.58,10.7,5
"69",9.62,0.57,2,0.074,65,0.9969,3.28,0.79,10.7,5
"71",8.33,0.08,1.9,0.076,27,0.9967,3.32,0.54,9.5,6
"72",8.37,0.23,2.1,0.088,96,0.9962,3.32,0.48,9.5,5
"73",8.39,0.22,1.9,0.084,94,0.9961,3.31,0.48,9.5,5
"74",8.98,0.26,2.1,0.084,43,0.9976,3.31,0.53,9.2,4
"75",10.02,0.54,2.5,0.094,83,0.9984,3.28,0.82,9.6,5
"76",9.21,0.64,2.2,0.093,42,0.9986,3.54,0.66,10.5,5
"77",9.21,0.64,2.2,0.093,42,0.9986,3.54,0.66,10.5,5
"78",7.58,0,2.4,0.104,30,0.9966,3.52,0.55,10.7,6
"79",7.45,0.12,2,0.086,80,0.9958,3.38,0.52,10.1,5
"81",6.65,0.2,1.6,0.069,15,0.9958,3.41,0.56,9.2,5
"83",7.9,0.47,2,0.086,73,0.997,3.36,0.57,9.1,5
"85",6.6,0.48,1.8,0.069,61,0.9959,3.44,0.78,10.3,6
"86",7.45,0.15,2.2,0.076,40,0.9961,3.41,0.59,10.1,5
"88",8.19,0.26,1.9,0.062,31,0.9966,3.39,0.64,9.6,5
"90",7.62,0.08,1.8,0.076,24,0.9978,3.48,0.53,9,5
"94",8.19,0.26,1.9,0.062,31,0.9966,3.39,0.64,9.6,5
"97",7.58,0,3,0.102,23,0.9965,3.45,0.56,10.7,5
"98",7.5,0.25,2,0.07,22,0.9963,3.25,0.63,9.2,5
"99",8.5,0.06,2.5,0.079,10,0.9967,3.39,0.56,9.8,5
"100",8.64,0.18,1.9,0.08,35,0.9972,3.3,0.59,9,6
"101",8.91,0.3,2.1,0.084,50,0.9972,3.4,0.61,10.2,6
"102",8.3,0.3,1.9,0.075,22,0.9959,3.31,0.56,10.4,6
"103",8.64,0.18,1.9,0.08,35,0.9972,3.3,0.59,9,6
"104",8.67,0.22,2.1,0.077,65,0.9967,3.29,0.51,9.2,5
"105",7.69,0.24,2.2,0.07,36,0.996,3.33,0.48,9.4,5
"106",8.67,0.22,2.1,0.077,65,0.9967,3.29,0.51,9.2,5
"108",6.83,0.31,1.7,0.088,64,0.9969,3.46,0.79,9.3,5
"109",8.33,0.53,2.5,0.091,80,0.9976,3.37,0.8,9.6,6
"111",8.36,0.19,1.8,0.104,47,0.9964,3.19,0.93,9.5,5
"112",9.02,0.09,2.2,0.084,108,0.9964,3.15,0.66,9.8,5
"113",9,0.1,2.2,0.085,111,0.9964,3.15,0.66,9.8,5
"114",10.41,0.44,2.3,0.08,46,0.9988,3.32,0.67,9.7,6
"115",8.36,0.19,1.8,0.104,47,0.9964,3.19,0.93,9.5,5
"116",9.8,0.31,2.2,0.09,62,0.9966,3.07,0.63,10.5,6
"117",8.84,0.28,1.9,0.077,40,0.9978,3.39,0.61,10,6
"118",8.36,0.12,2,0.082,28,0.997,3.37,0.5,9.4,6
"120",7.69,0.08,1.8,0.097,89,0.9959,3.34,0.54,9.2,6
"123",8,0,2.5,0.075,13,0.998,3.49,0.52,9.2,5
"124",8.71,0,2.6,0.08,34,0.9976,3.44,0.53,9.5,5
"125",8.3,0.17,1.6,0.082,102,0.996,3.39,0.48,9.5,5
"127",9.53,0,1.7,0.081,12,0.9964,3.53,0.49,10.9,5
"128",9.43,0,1.8,0.082,12,0.9964,3.54,0.48,10.9,5
"129",8.59,0.16,1.8,0.065,16,0.9962,3.42,0.92,10.5,7
"130",6.48,0.15,1.8,0.072,19,0.9955,3.42,0.57,9.4,5
"132",6.1,0.09,2.3,0.049,99,0.9937,3.63,0.63,13,5
"133",6.1,0.09,2.3,0.049,99,0.9937,3.63,0.63,13,5
"134",7.1,0.01,1.5,0.06,26,0.9952,3.4,0.58,9.8,6
"135",8.94,0.05,2.2,0.084,29,0.9959,3.22,0.55,9.9,6
"136",9.14,0.11,1.9,0.09,63,0.9965,3.19,0.82,9.6,5
"137",9.02,0.15,1.8,0.089,52,0.9968,3.23,0.77,9.5,5
"138",7.62,0.36,2,0.081,45,0.9972,3.48,0.64,9.2,5
"139",8.36,0.19,2.1,0.081,105,0.9962,3.33,0.54,9.5,5
"140",8.36,0.19,2,0.081,108,0.9962,3.32,0.54,9.5,5
"141",9.14,0.11,1.9,0.09,63,0.9965,3.19,0.82,9.6,5
"142",9.02,0.15,1.8,0.089,52,0.9968,3.23,0.77,9.5,5
"144",6.69,0.08,1.7,0.066,20,0.9954,3.34,0.58,9.4,5
"147",6.48,0.02,1.8,0.087,94,0.9944,3.54,0.52,10,5
"149",7.39,0.1,2.3,0.074,30,0.9959,3.42,0.58,10.2,6
"150",8.6,0.44,2.8,0.089,43,0.9975,3.53,0.61,10.5,6
"151",7.63,0.47,2.1,0.077,11,0.9958,3.33,0.53,10.3,6
"153",8.1,0.03,1.8,0.095,99,0.995,3.35,0.54,10.1,5
"154",8.1,0.03,1.8,0.095,99,0.995,3.35,0.54,10.1,5
"159",7.78,0,2.2,0.073,22,0.9969,3.48,0.5,9.3,5
"160",7.4,0.18,1.9,0.079,86,0.9968,3.59,0.57,9.3,6
"161",8.55,0.03,2,0.09,20,0.9959,3.2,0.56,9.6,5
"163",8.33,0.04,1.7,0.076,31,0.9964,3.33,0.56,10,6
"166",8.43,0.48,1.7,0.1,96,0.9961,3.19,0.62,9.5,5
"167",7.44,0.1,2.1,0.085,101,0.9956,3.34,0.52,10.2,5
"168",7.85,0.03,1.6,0.072,42,0.9956,3.37,0.48,9,4
"169",7.43,0.07,2.1,0.089,44,0.9953,3.47,0.55,10.4,6
"171",8.79,0.03,1.8,0.058,8,0.9972,3.36,0.33,9.1,4
"172",8.42,0.17,2,0.073,18,0.9972,3.29,0.61,9.2,6
"173",8.42,0.17,2,0.073,18,0.9972,3.29,0.61,9.2,6
"174",8.02,0.05,1.9,0.068,42,0.9961,3.42,0.57,11.5,6
"175",7.68,0.21,2,0.08,35,0.9961,3.33,0.47,9.5,5
"176",7.4,0.04,1.5,0.085,49,0.9958,3.35,0.78,9.5,5
"177",7.68,0.21,2,0.08,35,0.9961,3.33,0.47,9.5,5
"178",8.02,0.42,2.3,0.087,38,0.9972,3.58,0.61,10.5,6
"179",7.8,0,2.5,0.068,20,0.9969,3.48,0.56,9.6,5
"180",9.41,0.14,2.4,0.067,42,0.9969,3.19,0.59,9.5,5
"181",9.41,0.14,2.4,0.067,42,0.9969,3.19,0.59,9.5,5
"183",7.93,0.02,2.5,0.076,42,0.9972,3.44,0.52,9.3,5
"184",7.41,0.2,1.8,0.077,65,0.9971,3.54,0.58,9.3,5
"185",7.32,0.21,1.9,0.079,62,0.997,3.52,0.58,9.3,6
"186",9.21,0.57,2,0.111,85,0.9971,3.26,0.53,9.7,5
"187",7.79,0.48,2,0.082,67,0.9972,3.34,0.55,9.2,5
"188",8.4,0.1,2.6,0.084,26,0.9976,3.39,0.49,9.7,5
"192",6.77,0.25,1.9,0.074,49,0.9974,3.57,0.62,9.8,6
"194",8.15,0.21,2.2,0.071,28,0.9964,3.28,0.55,9.7,5
"195",8.15,0.21,2.2,0.071,28,0.9964,3.28,0.55,9.7,5
"197",7.88,0.3,2.4,0.074,55,0.9968,3.46,0.59,10.2,5
"199",6.24,0.08,1.2,0.046,93,0.9924,3.57,0.85,13,7
"200",7.99,0.06,2.1,0.061,31,0.9948,3.51,0.43,11.4,4
"201",9.92,0.47,1.4,0.056,24,0.997,3.22,0.82,10.3,7
"203",7.3,0.11,1.5,0.075,49,0.9954,3.36,0.79,9.5,5
"204",7.42,0.35,1.6,0.088,39,0.9961,3.34,0.55,9.2,5
"205",7.43,0.36,1.6,0.089,37,0.9962,3.34,0.56,9.2,6
"209",8.24,0.28,2.7,0.1,95,0.9966,3.22,0.67,9.4,5
"210",11.3,0.58,2.1,0.054,19,0.998,3.31,0.88,10.5,7
"212",8.72,0.24,2.8,0.083,62,0.9968,3.35,0.56,10,6
"213",12.04,0.64,2.1,0.059,15,0.998,3.21,0.67,10.2,6
"214",8.77,0.26,2.2,0.06,65,0.9959,3.3,0.43,10.1,5
"215",8.54,0.08,2.4,0.092,41,0.9974,3.24,0.71,9.8,6
"217",9.32,0.16,2,0.101,49,0.9962,3.14,0.57,11,5
"218",8.82,0.22,2.2,0.072,41,0.9967,3.36,0.55,9.1,5
"219",7.99,0.19,1.9,0.076,44,0.9957,3.39,0.54,9.7,5
"221",8.14,0.37,2,0.082,58,0.9964,3.34,0.59,9.4,6
"222",7.93,0.26,2,0.101,72,0.9957,3.15,0.57,9.4,5
"223",7.41,0.04,1.5,0.057,10,0.9952,3.42,0.6,9.5,5
"224",9.24,0.25,2,0.083,28,0.9982,3.28,0.6,10,6
"225",9.04,0.36,2,0.089,55,0.9974,3.31,0.57,10.4,4
"226",8.13,0.25,2.6,0.073,63,0.9962,3.37,0.58,10.5,6
"228",9.82,0.14,2.6,0.089,23,0.9984,3.39,0.63,9.8,5
"229",8.13,0.25,2.6,0.073,63,0.9962,3.37,0.58,10.5,6
"230",7.42,0.25,2.6,0.081,37,0.9968,3.46,0.5,11,5
"231",5.68,0.04,1.6,0.054,106,0.9927,3.54,0.62,12.2,7
"232",8.38,0.06,1.8,0.078,49,0.9962,3.37,0.52,9.9,6
"233",8.87,0.2,2.8,0.09,58,0.998,3.34,0.7,9.6,6
"234",7.42,0.25,2.6,0.081,37,0.9968,3.46,0.5,11,5
"235",9.2,0.09,2.3,0.065,37,0.9968,3.32,0.55,9,6
"236",7.83,0,1.9,0.097,38,0.9968,3.37,0.58,9,6
"237",7.83,0,1.9,0.097,38,0.9968,3.37,0.58,9,6
"238",7.85,0,1.9,0.097,39,0.9968,3.37,0.58,9.2,6
"239",7.83,0,1.9,0.097,38,0.9968,3.37,0.58,9,6
"240",9.2,0.09,2.3,0.065,37,0.9968,3.32,0.55,9,6
"242",12.38,0.56,2.1,0.093,24,0.9992,3.14,0.71,10.9,6
"243",8.28,0.1,1.8,0.102,109,0.9956,3.08,0.49,9.8,6
"247",7.78,0.07,1.9,0.075,51,0.9968,3.38,0.52,9.5,5
"248",8.8,0.17,2.3,0.072,73,0.9963,3.2,0.45,9.3,5
"249",8.23,0.06,1.7,0.074,39,0.9962,3.35,0.48,9.8,6
"251",11.12,0.44,1.6,0.063,37,0.9985,3.22,0.78,10,6
"252",7.7,0,1.8,0.074,34,0.9972,3.47,0.7,9.9,6
"253",11.45,0.48,3.1,0.09,21,0.9986,3.17,0.53,10.5,5
"254",8.47,0.42,1.9,0.092,86,0.9959,3.23,0.59,9.5,5
"255",7.7,0,1.8,0.074,34,0.9972,3.47,0.7,9.9,6
"257",9.74,0.37,2.2,0.075,13,0.998,3.22,0.62,9.2,5
"258",7.29,0,2.1,0.075,56,0.9968,3.49,0.67,9.2,5
"260",10.31,0.47,2.6,0.085,33,0.9996,3.36,0.8,10.5,7
"261",8.23,0.23,1.7,0.077,45,0.9962,3.29,0.65,9.3,5
"262",7.97,0.04,2,0.087,67,0.9956,3.35,0.6,9.4,4
"263",8.52,0.03,1.7,0.07,35,0.9958,3.34,0.57,10,5
"264",8.27,0.23,1.8,0.077,49,0.9963,3.28,0.67,9.3,5
"266",12.06,0.52,1.8,0.071,10,0.9968,3.2,0.72,10.2,7
"267",8.97,0,3.3,0.096,61,1.0003,3.6,0.72,9.8,4
"268",8.25,0.46,3.6,0.078,37,0.9973,3.35,0.86,12.8,8
"274",9.12,0.2,2.4,0.076,38,0.9974,3.31,0.64,9.4,5
"281",11.66,0.44,3.6,0.071,19,0.9986,3.12,0.82,9.3,6
"283",8.12,0.12,3,0.067,53,0.9971,3.36,0.57,9.1,5
"285",10.49,0.07,3.4,0.102,71,1.0002,3.31,0.71,9.8,5
"286",10.49,0.07,3.4,0.102,71,1.0002,3.31,0.71,9.8,5
"287",12.45,0.55,2,0.073,49,0.9997,3.1,0.76,10.3,6
"288",7.9,0.12,3,0.092,53,0.9967,3.37,0.7,10.3,6
"289",9.22,0.09,2.5,0.091,49,0.9976,3.34,0.86,10.6,7
"291",9.22,0.09,2.5,0.091,49,0.9976,3.34,0.86,10.6,7
"293",10.95,0.23,2.7,0.091,48,0.9994,3.22,0.64,10.3,6
"294",7.26,0.25,2.4,0.098,16,0.9964,3.41,0.6,10.1,6
"296",11.3,0.46,2.5,0.073,27,1.0001,3.05,0.64,9.5,5
"297",11.43,0.37,2.6,0.086,70,0.9981,3.16,0.52,9.9,5
"298",7.73,0.06,2,0.083,29,0.9986,3.67,0.73,9.6,5
"299",7.85,0.02,2.3,0.094,31,0.9993,3.67,0.8,9.7,5
"300",7.57,0.06,2.1,0.08,33,0.9984,3.68,0.71,9.6,5
"301",8.03,0.06,2.6,0.086,44,0.9965,3.38,0.59,10.7,6
"302",11.28,0.48,1.5,0.068,15,0.9973,3.22,0.64,10.1,6
"303",9.01,0.12,2.6,0.092,28,0.9994,3.51,0.72,10,5
"305",9.05,0.6,2.1,0.112,90,0.9973,3.2,0.52,9.2,5
"306",10.83,0.48,2.5,0.063,25,0.9998,3.12,0.59,9.3,6
"307",8.22,0.32,2.2,0.082,54,0.9966,3.36,0.52,9.4,5
"310",7.69,0.38,1.7,0.062,30,0.9968,3.41,0.53,9.5,6
"311",10.83,0.48,2.5,0.063,25,0.9998,3.12,0.59,9.3,6
"312",8.43,0.24,2,0.072,105,0.996,3.27,0.54,9.4,6
"313",9.46,0.31,2.8,0.093,98,0.9982,3.32,0.63,9.5,6
"315",7.76,0.29,2.6,0.087,72,0.9964,3.39,0.68,11,5
"316",7.45,0.29,2.5,0.096,53,0.9962,3.42,0.65,11,6
"317",10.16,0.23,3.4,0.102,92,0.9996,3.3,0.65,10.1,5
"318",10.37,0.12,2.9,0.082,74,0.9986,3.3,0.64,10.4,6
"319",10.46,0.39,3.2,0.083,59,0.9989,3.37,0.71,11.5,7
"320",10.37,0.12,2.9,0.082,74,0.9986,3.3,0.64,10.4,6
"321",10.46,0.39,3.2,0.083,59,0.9989,3.37,0.71,11.5,7
"322",9.91,0.26,3.4,0.09,87,0.9998,3.24,0.62,9.7,5
"323",8.42,0.05,2.3,0.079,18,0.9974,3.29,0.63,9.3,5
"324",10.89,0.42,2.8,0.09,73,0.999,3.28,0.7,9.5,6
"330",11.16,0.39,2,0.061,15,0.9981,3.18,0.62,9.5,5
"333",8.58,0.28,3.2,0.066,114,0.9973,3.22,0.54,9.4,6
"334",8.96,0.08,2.1,0.105,44,0.9958,3.13,0.52,11,5
"335",8.55,0.01,2.5,0.078,38,0.9963,3.34,0.74,11.7,7
"337",9.33,0.45,1.9,0.052,16,0.9948,3.35,0.7,12.5,6
"338",8.23,0.32,2.8,0.08,58,0.9974,3.31,0.64,10.3,5
"342",11.02,0.48,2.7,0.065,18,0.9972,3.21,0.87,11.3,6
"345",12.47,0.5,2.6,0.082,32,1.0006,3.12,0.78,10.7,6
"346",7.69,0,1.9,0.067,63,0.9979,3.6,0.81,9.9,5
"347",7.41,0.02,2.7,0.072,34,0.9955,3.58,0.89,12.3,7
"349",10.16,0.31,2.8,0.089,46,0.9979,3.11,0.92,10,6
"350",9.88,0,2.6,0.093,28,0.9994,3.36,0.86,9.4,6
"352",9.89,0,2.6,0.096,26,0.9994,3.35,0.83,9.4,6
"353",8.37,0,2.4,0.09,19,0.9974,3.27,0.73,9.3,5
"356",7.45,0.01,2.4,0.078,32,0.9955,3.55,0.61,12.8,6
"357",11.91,0.52,3,0.08,55,1.0001,3.26,0.88,11,5
"358",10.92,0.66,2.95,0.116,29,0.997,3.24,0.75,11.7,7
"359",12.33,0.66,3.1,0.109,23,1,3.15,0.85,10.4,7
"361",8.9,0.23,2,0.099,81,0.9973,3.19,0.7,9.4,5
"362",9.05,0.31,2.6,0.086,50,0.9982,3.37,0.91,9.9,6
"363",12.48,0.66,2.5,0.072,37,0.9992,3.05,0.56,10,5
"366",10.42,0.5,3.4,0.107,21,0.9979,3.26,0.93,11.8,6
"368",10.97,0.61,2.6,0.076,24,1,3.16,0.69,9,5
"371",7.66,0.02,2.3,0.063,63,0.9975,3.57,0.78,9.9,5
"372",8.14,0.4,1.6,0.056,25,0.9967,3.32,0.87,8.7,6
"374",7.95,0.22,2.2,0.106,72,0.9959,3.05,0.63,9.2,5
"380",8.72,0.38,2.5,0.094,60,0.9979,3.31,0.7,10.8,6
"381",8.56,0.42,2,0.08,27,0.9974,3.21,0.8,9.4,6
"383",8.56,0.42,2,0.08,27,0.9974,3.21,0.8,9.4,6
"384",8.56,0.42,2,0.08,27,0.9974,3.21,0.8,9.4,6
"385",8.21,0.28,2.1,0.087,54,0.998,3.42,0.74,9.2,5
"386",8.03,0.07,2.4,0.09,37,0.9979,3.43,0.76,9.7,6
"387",8.34,0.26,2,0.088,48,0.9981,3.41,0.74,9.2,6
"388",8.96,0.15,1.9,0.079,42,0.9972,3.31,0.54,9.6,6
"389",8.26,0.26,1.9,0.088,53,0.9981,3.43,0.74,9.2,6
"390",9.98,0.31,2.5,0.096,49,0.9982,3.19,0.7,10,7
"391",6.45,0.05,1.4,0.045,88,0.9924,3.56,0.82,12.9,8
"393",9.87,0.52,2,0.082,26,0.998,3.18,0.51,9.5,5
"394",9.07,0.61,2,0.112,95,0.997,3.16,0.54,9.1,5
"398",12.09,0.59,2.6,0.087,49,0.9988,3.18,0.65,11,6
"399",12.09,0.59,2.6,0.087,49,0.9988,3.18,0.65,11,6
"400",9.46,0.22,2.3,0.064,42,0.9963,3.1,0.55,9.4,5
"402",7.96,0.3,1.7,0.059,38,0.9949,3.29,0.47,10.8,6
"403",12.68,0.54,2.6,0.085,64,1,3.1,0.61,10.5,6
"404",12,0.49,2.7,0.085,41,0.9994,3.15,0.63,10.5,6
"405",8.39,0.05,2.7,0.075,27,0.9974,3.26,0.61,9.1,5
"406",9.01,0.46,1.4,0.059,25,0.9966,3.36,0.76,10.1,6
"407",10.24,0.47,2.5,0.063,28,0.9981,3.24,0.65,10.8,6
"408",12.39,0.66,3,0.093,30,0.9996,3.18,0.63,10.8,7
"411",9.43,0.34,2.5,0.08,86,0.9987,3.38,0.62,9.5,6
"412",9.55,0.35,2.4,0.08,78,0.9987,3.38,0.62,9.5,5
"413",7.84,0.16,1.9,0.1,77,0.9966,3.27,0.64,9.3,5
"417",11.08,0.64,2.2,0.111,20,0.997,3.26,0.66,11.7,6
"420",7.57,0,1.8,0.066,52,0.9976,3.62,0.68,9.9,5
"421",10.06,0.33,2.4,0.089,67,0.9972,3.28,0.73,11.8,7
"422",7.44,0.03,2.3,0.059,48,0.9952,3.52,0.56,12.3,7
"423",8.66,0.2,2,0.047,60,0.9955,3.36,0.44,10.9,5
"424",10.74,0.47,2.1,0.066,24,0.9978,3.15,0.9,11,7
"425",8.66,0.2,2,0.047,60,0.9955,3.36,0.44,10.9,5
"426",7.44,0.03,2.3,0.059,48,0.9952,3.52,0.56,12.3,7
"427",7.07,0.08,2.1,0.045,48,0.9949,3.49,0.49,11.4,6
"428",10.28,0.22,1.9,0.077,32,0.9988,3.26,0.56,10.6,6
"429",9.62,0.33,1.3,0.07,30,0.9978,3.24,0.6,9.3,5
"431",10.74,0.47,2.1,0.066,24,0.9978,3.15,0.9,11,7
"432",8.35,0.35,2.2,0.074,66,0.9974,3.25,0.56,9.2,5
"433",12.27,0.69,2.3,0.078,24,0.9958,3,0.65,12.8,6
"434",12.69,0.63,2.3,0.091,18,1.0004,3.16,0.49,9.5,5
"435",10.81,0.55,3.2,0.076,54,0.9996,3.15,0.89,9.9,6
"436",12.69,0.63,2.3,0.091,18,1.0004,3.16,0.49,9.5,5
"437",8.67,0.3,2,0.06,62,0.9958,3.26,0.56,10.2,6
"438",11.55,0.73,3.2,0.066,22,0.9986,3.17,0.66,11.2,6
"439",10.81,0.55,3.2,0.076,54,0.9996,3.15,0.89,9.9,6
"440",7.62,0.18,1.5,0.062,50,0.9951,3.08,0.6,9.3,5
"442",12.3,0.65,2.15,0.068,27,0.9988,3.06,0.68,11.3,6
"444",10.44,0.49,2.7,0.077,19,0.9963,3.23,0.63,11.6,7
"445",5.87,0.01,1.7,0.054,27,0.9934,3.57,0.84,12.5,7
"446",10.23,0.1,2.1,0.079,31,0.9986,3.23,0.56,10.1,6
"449",9.13,0.22,2,0.1,27,0.9967,3.2,0.56,10.2,6
"450",12.29,0.69,2.8,0.095,35,0.9994,3.1,0.61,10.8,6
"451",12.29,0.69,2.8,0.095,35,0.9994,3.1,0.61,10.8,6
"453",7.36,0.03,1.7,0.084,35,0.9968,3.44,0.63,10,6
"454",10.73,0.63,2.8,0.084,22,0.9998,3.26,0.74,11.2,7
"455",7.23,0.4,1.6,0.063,67,0.9952,3.5,0.63,11.1,5
"457",9.49,0.39,2.3,0.095,22,0.9986,3.37,0.58,10.3,5
"458",9.83,0.21,2.7,0.097,65,0.9988,3.28,0.58,9.6,5
"459",10.73,0.63,2.8,0.084,22,0.9998,3.26,0.74,11.2,7
"461",9.63,0.52,2.3,0.083,23,0.9976,3.35,0.61,11.3,6
"462",8.92,0.22,2.6,0.087,19,0.9982,3.26,0.61,9.3,5
"463",11.26,0.68,2.55,0.085,25,0.997,3.18,0.61,11.8,5
"465",11.81,0.54,2.1,0.084,15,0.9987,2.98,0.7,9.2,6
"466",10.29,0.4,2.9,0.098,26,1.0006,3.48,0.91,9.7,5
"467",10.8,0.42,2,0.069,51,0.9982,3.16,0.72,11.5,6
"469",11.76,0.69,2.1,0.09,21,1,3.17,0.62,9.2,6
"470",9.52,0.02,1.2,0.07,48,0.9952,3.2,0.58,9.8,5
"472",10.14,0.42,2.4,0.081,52,0.997,3.2,0.71,11.4,6
"474",10.25,0.55,2.1,0.062,14,0.9971,3.26,0.79,10.6,5
"475",10.78,0.51,1.7,0.08,24,0.9982,3.2,0.89,9.4,6
"476",10.28,0.24,2.2,0.087,28,0.9988,3.14,0.6,10.2,5
"477",9.57,0.41,2,0.091,16,0.998,3.28,0.7,9.7,5
"479",10.28,0.24,2.2,0.087,28,0.9988,3.14,0.6,10.2,5
"480",10.09,0.11,2.7,0.077,31,0.9984,3.19,0.7,10.1,6
"482",9.7,0.56,2.8,0.08,17,0.9964,3.15,0.92,11.7,8
"486",10.87,0.39,1.9,0.054,17,0.9976,3.17,0.47,10,5
"487",10.87,0.39,1.9,0.054,17,0.9976,3.17,0.47,10,5
"488",10.84,0.36,1.8,0.053,14,0.9982,3.17,0.42,10,6
"489",11.92,0.55,2.8,0.081,67,1.0002,3.32,0.92,10.8,7
"490",9.69,0.4,2.6,0.073,26,0.9984,3.34,0.75,10.2,6
"491",10.08,0.27,2.8,0.078,56,0.9984,3.31,0.67,10.6,6
"494",9.39,0.31,3,0.086,81,1.0002,3.48,0.74,11.6,6
"496",11.05,0.53,2.6,0.07,16,0.9972,3.15,0.65,11,8
"497",8.32,0.25,1.9,0.081,38,0.9984,3.43,0.65,9,6
"498",7.54,0.32,2.5,0.09,113,0.9966,3.32,0.79,11.1,5
"499",11.05,0.53,2.6,0.07,16,0.9972,3.15,0.65,11,8
"500",9.39,0.31,3,0.086,81,1.0002,3.48,0.74,11.6,6
"501",8.32,0.25,1.9,0.081,38,0.9984,3.43,0.65,9,6
"506",10.69,0.63,2.9,0.072,26,0.9968,3.16,0.78,12.5,7
"508",11.87,0.55,2.3,0.084,13,1,3.17,0.71,9.5,6
"509",10.59,0.31,2.2,0.09,62,0.9994,3.18,0.63,10.2,6
"512",10.59,0.31,2.2,0.09,62,0.9994,3.18,0.63,10.2,6
"514",11.01,0.64,2.4,0.107,15,0.9973,3.09,0.66,11.8,7
"515",11.01,0.64,2.4,0.107,15,0.9973,3.09,0.66,11.8,7
"519",11.11,0.49,2.8,0.088,32,0.9972,3.22,0.68,11.7,6
"520",7.66,0.49,2.5,0.088,106,0.9966,3.36,0.78,11,5
"521",10.05,0.49,2.7,0.088,33,0.9982,3.42,0.9,10,6
"522",8.01,0.49,2,0.088,43,0.998,3.48,0.64,9.1,5
"526",11.04,0.24,2.8,0.105,53,0.9998,3.24,0.67,9.9,5
"527",7.66,0.49,2.5,0.088,106,0.9966,3.36,0.78,11,5
"528",7.38,0.49,2.5,0.097,85,0.9962,3.39,0.77,11.4,6
"529",8.62,0.49,2.6,0.084,55,0.9988,3.34,0.75,8.7,6
"530",10.53,0.24,2.4,0.077,33,0.9974,3.09,0.57,9.4,5
"531",9.32,0.24,2.1,0.078,28,0.999,3.41,0.87,10.3,6
"532",12.28,0.49,2.7,0.098,42,1.0004,3.16,0.61,10.3,5
"533",12.28,0.49,2.7,0.098,42,1.0004,3.16,0.61,10.3,5
"534",10.57,0.24,2.1,0.072,33,0.9956,3.22,0.66,12.8,6
"535",10.48,0.24,2.7,0.102,32,1,3.28,0.56,10,6
"536",9.32,0.24,2.1,0.078,28,0.999,3.41,0.87,10.3,6
"537",10.53,0.24,2.4,0.077,33,0.9974,3.09,0.57,9.4,5
"538",8.92,0.24,2.1,0.084,13,0.9972,3.37,0.77,10.7,6
"541",9.79,0.24,3.3,0.101,47,0.9988,3.26,0.67,9.6,5
"543",10.02,0.24,2.1,0.07,20,0.9966,3.12,0.59,9.9,5
"544",11.86,0.24,2.5,0.085,53,0.9993,3.06,0.72,11,6
"546",9.57,0.49,2.6,0.094,106,0.9982,3.08,0.59,9.1,5
"547",8.05,0.24,2,0.078,28,0.9983,3.45,0.78,9.5,6
"548",10.91,0.49,2.5,0.067,21,0.9987,3.26,0.86,10.7,6
"549",12.75,0.49,2.6,0.079,69,0.9994,3.12,0.75,10.4,6
"551",7.31,0.01,2.1,0.074,25,0.9958,3.33,0.56,9.5,6
"552",9.83,0.24,2.8,0.092,45,0.998,3.19,0.73,10,6
"553",9.96,0.24,2.7,0.092,44,0.998,3.12,0.74,10,6
"563",9.54,0.49,2.9,0.094,110,0.9982,3.08,0.61,9.2,5
"564",7.89,0.49,2.7,0.092,60,0.9971,3.31,0.61,10.1,6
"570",6.56,0.24,2.2,0.095,42,0.9946,3.57,0.57,11.7,6
"571",11.85,0.49,3.3,0.07,37,1.0003,3.32,0.91,11,6
"572",6.56,0.24,2.2,0.095,42,0.9946,3.57,0.57,11.7,6
"573",10.44,0.49,2.4,0.075,28,0.9978,3.14,0.61,10.4,5
"574",11.09,0.49,2.1,0.07,47,0.9991,3.3,0.56,9.6,4
"575",10.94,0.49,3.2,0.078,78,0.9992,3.19,0.7,10,6
"576",12.57,0.49,3.1,0.079,46,0.9993,3.2,0.8,10.2,6
"577",10.4,0.24,2.3,0.103,14,0.9978,3.34,0.52,10,4
"578",9.24,0.49,2.8,0.083,111,0.9982,3.3,0.6,9.5,5
"579",9.27,0.49,2.9,0.085,110,0.9982,3.29,0.6,9.8,5
"580",10.91,0.49,2.2,0.063,40,0.9976,3.14,0.51,9.8,6
"581",12.8,0.49,2.2,0.089,14,1.0002,3.19,0.44,9.6,5
"582",12.8,0.49,2.2,0.089,14,1.0002,3.19,0.44,9.6,5
"583",12.19,0.49,2.2,0.083,15,1,3.19,0.43,9.2,5
"584",12.28,0.49,1.9,0.074,21,0.9976,2.98,0.66,9.9,7
"585",12.13,0.49,3.4,0.093,80,1.0002,3.3,0.76,10.7,7
"586",8.11,0.24,2.4,0.091,38,0.998,3.47,0.66,9.6,6
"588",8.03,0.24,1.9,0.108,102,0.9967,3.26,0.59,9.3,5
"590",10.49,0.49,2.6,0.059,13,0.9976,3.05,0.74,10.5,7
"591",9.45,0.49,2.6,0.084,75,0.9987,3.35,0.57,9.7,5
"593",9.45,0.49,2.6,0.084,75,0.9987,3.35,0.57,9.7,5
"594",10.39,0.58,3.5,0.094,43,1.0004,3.29,0.58,9,5
"595",8.62,0.17,2.6,0.096,38,0.9978,3.4,0.53,9.5,5
"597",12.8,0.51,2,0.059,24,0.9994,3.04,0.6,9.3,6
"598",12.48,0.58,1.9,0.071,18,0.998,3.09,0.63,10,6
"599",9.09,0.18,2.1,0.078,30,0.9967,3.2,0.48,9.8,6
"601",9.11,0.27,2.1,0.088,23,0.9962,3.26,0.47,10,4
"603",8.54,0,2.6,0.081,14,0.9975,3.3,0.52,9.3,5
"605",8.88,0.13,2.9,0.096,63,0.9984,3.17,0.62,9.1,6
"606",8.9,0.13,2.6,0.085,24,0.9984,3.31,0.59,9.2,6
"608",9.28,0.41,3.3,0.092,52,0.9982,3.31,0.53,10.5,6
"610",6.66,0.19,3.2,0.075,39,0.9956,3.56,0.52,12.7,6
"611",9.04,0.54,2.5,0.083,57,0.9983,3.39,0.54,9.2,5
"613",8.14,0,2.4,0.077,29,0.9965,3.32,0.6,10,6
"614",8.59,0.38,1.5,0.058,29,0.9962,3.26,0.74,9.8,5
"616",10.2,0.5,2.3,0.079,71,0.9997,3.5,0.57,9.7,5
"617",10.2,0.5,2.3,0.079,71,0.9997,3.5,0.57,9.7,5
"618",11.81,0.51,2.2,0.079,28,0.9982,3.03,0.93,9.8,6
"620",11.67,0.41,2.3,0.088,16,0.9988,3.09,0.8,9.3,5
"621",8.84,0.24,3.4,0.076,112,0.9976,3.27,0.61,9.4,5
"622",8.76,0.23,3.4,0.078,104,0.9976,3.28,0.62,9.4,5
"623",10.58,0.22,1.9,0.08,32,0.9974,3.13,0.55,9.5,5
"627",9.4,0.29,2.2,0.098,15,0.9988,3.36,0.49,9.1,5
"628",9.4,0.29,2.2,0.098,15,0.9988,3.36,0.49,9.1,5
"629",9.24,0.26,2.5,0.097,31,0.9976,3.27,0.6,9.3,6
"630",8.29,0.23,2.3,0.111,84,0.9964,3.21,0.61,9.3,5
"631",9.24,0.26,2.5,0.097,31,0.9976,3.27,0.6,9.3,6
"632",10.68,0.54,2.7,0.105,19,0.9988,3.25,0.63,9.5,5
"633",8.01,0.14,3,0.087,43,0.9964,3.32,0.57,10.5,6
"635",8.25,0.21,1.9,0.073,102,0.9964,3.27,0.58,9.5,5
"636",9.54,0,1.4,0.065,33,0.9954,3.27,0.55,9.7,5
"641",10.44,0.45,2.3,0.071,40,0.9991,3.39,0.62,9.4,5
"642",10.09,0.44,2.3,0.071,68,0.9992,3.46,0.63,9.5,5
"643",10.44,0.45,2.3,0.071,40,0.9991,3.39,0.62,9.4,5
"644",10.09,0.44,2.3,0.071,68,0.9992,3.46,0.63,9.5,5
"645",10.44,0.45,2.3,0.071,40,0.9991,3.39,0.62,9.4,5
"647",7.97,0.05,3.6,0.107,20,0.9972,3.4,0.63,10.1,5
"648",9.15,0.01,2.2,0.07,14,0.9967,3.32,0.58,11,4
"649",9.18,0.3,2.8,0.066,28,0.9964,3.33,0.67,11.2,7
"654",9.73,0.59,2.8,0.079,30,0.9976,3.12,0.54,12,6
"655",9.07,0.47,2.4,0.074,29,0.9979,3.08,0.46,9.5,5
"656",10.25,0.17,2.9,0.087,53,1.0004,3.14,0.61,9.4,5
"659",7.72,0.07,1.4,0.074,20,0.9973,3.32,0.81,9.6,6
"661",7.72,0.07,1.4,0.074,20,0.9973,3.32,0.81,9.6,6
"662",7.92,0.31,1.6,0.08,42,0.9978,3.31,0.64,9,5
"663",7.77,0.06,1.6,0.076,27,0.9972,3.36,0.7,9.6,6
"664",10.38,0.46,1.8,0.05,13,0.9974,3.04,0.79,10.2,6
"665",12.5,0.52,2,0.092,54,1,3.03,0.66,10.2,5
"666",9.99,0.14,2,0.084,48,0.9981,3.14,0.56,9.7,5
"669",10.73,0.43,2.3,0.059,31,0.9966,3.15,0.57,11,5
"671",7.3,0.24,2.5,0.083,45,0.9959,3.26,0.58,10,5
"672",8.93,0.21,1.7,0.074,13,0.9968,3.2,0.52,9.5,5
"674",8.93,0.21,1.7,0.074,13,0.9968,3.2,0.52,9.5,5
"675",11.2,0.41,2.2,0.084,17,0.9984,3.08,0.67,9.3,6
"676",9.71,0.39,2.2,0.064,31,0.9984,3.26,0.65,10.2,5
"677",11.2,0.41,2.2,0.084,17,0.9984,3.08,0.67,9.3,6
"678",9.4,0.11,2.3,0.084,31,0.9979,3.4,0.48,9.9,5
"679",9.08,0.1,2.6,0.081,87,0.9983,3.48,0.53,10,5
"680",11.06,0.45,3.3,0.06,49,0.9972,3.13,0.54,9.6,5
"682",8.45,0.23,2.2,0.094,29,0.9962,3.21,0.49,10.2,6
"683",8.96,0.31,2.25,0.078,58,0.998,3.33,0.54,9.8,5
"684",8.88,0.23,2.6,0.059,15,0.997,3.37,0.56,11.3,5
"686",8.88,0.23,2.6,0.059,15,0.997,3.37,0.56,11.3,5
"687",7.75,0.18,1.8,0.07,40,0.997,3.44,0.6,9.1,5
"688",9.74,0.23,3.1,0.095,38,0.9998,3.28,0.59,9.7,5
"692",10.12,0.24,2.6,0.087,93,0.9998,3.48,0.54,9.8,5
"697",7.65,0.02,2.1,0.066,25,0.9972,3.47,0.67,9.5,6
"698",7.65,0.02,2.1,0.066,25,0.9972,3.47,0.67,9.5,6
"699",10.02,0.28,3.2,0.087,72,1.0001,3.31,0.53,9.7,5
"700",12.18,0.55,2.1,0.071,19,0.9986,3.11,0.62,10.8,6
"701",11.62,0.43,2.9,0.076,88,0.9984,3.08,0.57,10.1,6
"702",7.65,0.02,2.1,0.066,25,0.9972,3.47,0.67,9.5,6
"703",7.64,0.02,2.1,0.067,23,0.997,3.47,0.67,9.4,6
"704",7.88,0.48,2.6,0.073,84,0.9972,3.32,0.7,9.6,4
"705",9.87,0.04,1.6,0.078,14,0.998,3.29,0.54,9.7,4
"707",7.78,0.08,2,0.093,19,0.9956,3.4,0.47,10,5
"708",7.89,0.19,3,0.077,37,0.9966,3.37,0.51,10.5,5
"709",8.35,0.12,2.5,0.068,35,0.996,3.34,0.61,11.6,6
"710",10.01,0.47,1.6,0.062,33,0.9983,3.27,0.66,10,6
"711",11.62,0.43,2.8,0.08,84,0.9985,3.06,0.57,10.1,5
"712",9.46,0.34,3,0.093,112,0.9998,3.38,0.61,9.5,5
"713",9.39,0,3.2,0.084,33,0.9992,3.36,0.45,9.4,5
"714",8.43,0.36,2.3,0.075,48,0.9976,3.34,0.46,9.4,5
"715",10.64,0.28,2.6,0.078,77,0.998,3.28,0.51,9.8,5
"716",7.69,0.18,2.7,0.069,34,0.9967,3.29,0.48,9.2,6
"717",8.43,0.36,2.3,0.075,48,0.9976,3.34,0.46,9.4,5
"718",8.06,0.11,2.6,0.079,49,0.9968,3.21,0.57,10,5
"719",8.96,0.04,2,0.082,22,0.9976,3.22,0.44,9.6,5
"721",8.96,0.04,2,0.082,22,0.9976,3.22,0.44,9.6,5
"722",9.38,0.24,2.85,0.094,106,0.9982,3.1,0.53,9.2,5
"723",8.02,0.08,2.7,0.084,48,0.9968,3.21,0.59,10,5
"725",8.62,0.1,3.1,0.086,12,0.9958,3.54,0.6,11.2,4
"726",9.66,0.17,3,0.077,13,0.9976,3.29,0.55,10.4,5
"727",8.82,0.09,2.8,0.084,49,0.9994,3.43,0.72,11.1,6
"728",6.97,0.02,1.8,0.067,11,0.997,3.46,0.68,9.5,5
"729",6.97,0.02,1.8,0.067,11,0.997,3.46,0.68,9.5,5
"730",7.27,0.03,3.2,0.071,58,0.995,3.61,0.49,12.7,6
"732",9.78,0.13,3.45,0.088,14,0.9994,3.44,0.52,11.5,5
"733",8.13,0.03,2.1,0.092,19,0.9966,3.39,0.47,9.6,5
"734",7.45,0.34,2.7,0.082,72,0.998,3.55,0.6,9.5,5
"735",8.26,0.2,2,0.075,39,0.9987,3.48,0.62,9.3,5
"736",8.67,0.1,2.1,0.112,22,0.9963,3.26,0.5,9.5,5
"737",8.67,0.1,2.1,0.112,22,0.9963,3.26,0.5,9.5,5
"738",8.79,0,2.5,0.093,58,1.0002,3.5,0.65,9.3,6
"739",9.46,0.23,2.8,0.092,104,0.9983,3.1,0.56,9.2,5
"740",9.69,0,2.4,0.088,38,0.999,3.35,0.6,9.3,5
"743",7.12,0,1.9,0.065,18,0.9972,3.46,0.65,9.2,5
"744",12.01,0.58,2.8,0.096,101,1.0002,3.13,0.53,10,5
"745",11.49,0.54,2.7,0.095,101,1.0001,3.13,0.51,9.5,5
"746",7.81,0.18,2.1,0.07,28,0.9977,3.52,0.73,9.5,6
"747",8.54,0.38,2.5,0.08,57,0.9978,3.3,0.47,9,6
"748",8.93,0.4,2.6,0.083,68,0.9978,3.3,0.48,9.4,5
"749",7.7,0.18,2.1,0.071,31,0.9976,3.52,0.72,9.6,6
"750",7.81,0.18,2.1,0.07,28,0.9977,3.52,0.73,9.5,6
"751",8.95,0.1,2.9,0.089,40,0.998,3.29,0.55,9.5,5
"752",8.95,0.1,2.9,0.089,40,0.998,3.29,0.55,9.5,5
"753",8.14,0.13,2.5,0.097,66,0.9978,3.39,0.61,9.4,5
"754",8.95,0.1,2.9,0.089,40,0.998,3.29,0.55,9.5,5
"756",8.71,0.07,1.9,0.058,47,0.9952,3.51,0.43,10.7,6
"757",7.28,0.01,2,0.057,33,0.9949,3.6,0.46,11.2,6
"758",8.97,0,2.2,0.084,31,0.9966,3.25,0.5,9.8,5
"759",8.97,0,2.2,0.084,31,0.9966,3.25,0.5,9.8,5
"760",9.22,0.21,2.5,0.092,88,0.9982,3.19,0.52,9.2,5
"761",9.58,0.25,2.8,0.075,104,0.9978,3.23,0.57,9.7,5
"762",9.96,0.26,2,0.096,35,0.9974,3.25,0.42,9.6,5
"763",9.5,0,1.7,0.069,19,0.997,3.31,0.53,10,6
"764",9.96,0.26,2,0.096,35,0.9974,3.25,0.42,9.6,5
"765",9.78,0.11,2.8,0.093,44,0.9989,3.31,0.55,9.5,6
"766",9.87,0.1,3,0.091,48,0.9989,3.31,0.54,9.5,6
"767",9.39,0.18,2.9,0.089,74,0.9974,3.14,0.54,9.4,5
"768",8.1,0.32,2.7,0.103,98,0.9994,3.45,0.62,9.5,5
"769",7.69,0.02,2.3,0.082,94,0.9974,3.55,0.53,9.7,6
"770",8.62,0.01,1.9,0.076,32,0.9967,3.39,0.54,9.6,5
"771",7.69,0.02,2.3,0.082,94,0.9974,3.55,0.53,9.7,6
"776",8.2,0,3,0.102,16,0.9959,3.43,0.46,10,5
"779",8.73,0.3,3.4,0.079,34,0.9979,3.36,0.61,10.5,5
"780",7.62,0.03,2.6,0.076,92,0.9974,3.5,0.6,9.8,5
"782",6.96,0.14,2.4,0.114,37,0.9973,3.66,0.65,9.8,5
"783",9.82,0.05,2.4,0.081,96,0.9981,3.36,0.53,10,5
"784",6.96,0.14,2.4,0.114,37,0.9973,3.66,0.65,9.8,5
"785",7.69,0.01,2.5,0.077,85,0.9975,3.55,0.59,9.8,5
"786",10.25,0.41,2.3,0.083,61,0.9982,3.21,0.5,9.5,5
"787",10.25,0.41,2.3,0.083,61,0.9982,3.21,0.5,9.5,5
"788",10.56,0.24,2.2,0.079,58,0.9991,3.18,0.56,10.1,6
"789",10.56,0.24,2.2,0.079,58,0.9991,3.18,0.56,10.1,6
"791",7.77,0.43,2.6,0.082,82,0.9971,3.33,0.68,9.7,6
"793",7.71,0.02,2.5,0.081,87,0.9974,3.48,0.6,9.7,6
"794",8.3,0,2.6,0.055,13,0.9964,3.38,0.56,10.8,5
"795",10.37,0.54,2.3,0.065,26,0.9953,3.17,0.53,12.5,6
"799",9.9,0.34,3.6,0.082,14,0.9987,3.29,0.52,10.7,6
"800",9.9,0.34,3.6,0.082,14,0.9987,3.29,0.52,10.7,6
"802",9.15,0.09,3.3,0.068,17,0.9974,3.23,0.44,10,5
"803",5.68,0,1.7,0.044,86,0.9926,3.56,0.94,12.9,7
"804",8.26,0.08,2.5,0.114,46,0.9971,3.24,0.66,9.6,6
"805",8.92,0.22,2.7,0.084,18,0.9968,3.26,0.57,9.9,6
"806",8.48,0.4,2.4,0.052,10,0.9936,3.33,0.7,12.8,7
"808",8.48,0.4,2.4,0.052,10,0.9936,3.33,0.7,12.8,7
"810",8.08,0.31,2.8,0.07,15,0.9969,3.22,0.55,10.3,6
"811",7.79,0.1,2.6,0.068,14,0.9956,3.3,0.47,10.5,5
"813",11.25,0.33,2.5,0.099,38,0.9982,3.24,0.71,10.8,5
"814",7.29,0.24,2.1,0.102,7,0.9946,3.44,0.58,11.4,4
"816",11.25,0.33,2.5,0.099,38,0.9982,3.24,0.71,10.8,5
"817",10.31,0.19,3.2,0.081,30,0.9984,3.23,0.58,10.5,6
"818",11.09,0.42,1.6,0.084,27,0.9954,3.28,0.73,11.9,6
"819",7.81,0,2.35,0.071,47,0.9963,3.29,0.45,9.4,5
"820",9.76,0.15,3.2,0.097,59,0.9998,3.28,0.54,9.6,5
"821",7.69,0,1.9,0.099,22,0.9961,3.34,0.6,9.7,5
"823",7.24,0.13,2,0.076,36,0.9973,3.61,0.64,9.8,5
"824",7.24,0.13,2,0.076,36,0.9973,3.61,0.64,9.8,5
"825",7.58,0.28,2.8,0.068,16,0.9968,3.24,0.53,10.3,5
"826",7.56,0.14,2.8,0.076,37,0.9962,3.36,0.49,10.7,5
"827",7.77,0.34,2.3,0.05,8,0.9951,3.4,0.64,11,7
"828",7.56,0.14,2.8,0.076,37,0.9962,3.36,0.49,10.7,5
"829",8.37,0.09,2.3,0.065,45,0.9942,3.46,0.74,12.7,8
"830",6.51,0.08,2.1,0.071,24,0.9938,3.56,0.77,11.1,6
"831",8.19,0.07,2.5,0.058,9,0.9963,3.38,0.55,10.9,4
"832",6.51,0.08,2.1,0.071,24,0.9938,3.56,0.77,11.1,6
"835",9.49,0.26,1.6,0.088,23,0.9969,3.32,0.47,9.4,5
"836",8.27,0.1,1.5,0.066,55,0.9966,3.39,0.51,9.3,5
"839",10.41,0.35,1.6,0.075,28,0.9967,3.24,0.83,11.2,7
"840",6.5,0.04,2.2,0.092,26,0.9965,3.46,0.47,10,5
"841",11.52,0.47,2.65,0.085,34,0.9974,3.24,0.77,12.1,7
"842",7.26,0,3,0.115,31,0.9963,3.45,0.63,10.3,5
"844",7.79,0.35,2,0.088,92,0.9963,3.28,0.62,9.4,5
"845",10.15,0.46,1.7,0.062,42,0.9959,3.18,0.83,10.6,6
"846",7.04,0.21,1.8,0.081,31,0.9969,3.59,0.66,9.8,5
"847",7.04,0.21,1.8,0.081,31,0.9969,3.59,0.66,9.8,5
"848",8.08,0.16,1.8,0.078,39,0.9977,3.5,0.7,9.9,6
"849",7.04,0.21,1.8,0.081,31,0.9969,3.59,0.66,9.8,5
"850",7.03,0.21,1.6,0.08,32,0.9969,3.58,0.66,9.8,5
"851",9.73,0.44,1.9,0.085,22,0.9971,3.28,0.55,9.5,5
"852",9.73,0.44,1.9,0.085,22,0.9971,3.28,0.55,9.5,5
"854",9.66,0.39,1.5,0.08,55,0.9965,3.47,0.73,10.9,6
"855",9.66,0.39,1.5,0.08,55,0.9965,3.47,0.73,10.9,6
"856",8.33,0.02,2.5,0.071,14,0.9954,3.51,0.71,11.7,7
"857",9.66,0.39,1.5,0.08,55,0.9965,3.47,0.73,10.9,6
"858",8.46,0.34,2.5,0.073,47,0.9959,3.4,0.78,11.3,7
"859",11.98,0.47,1.7,0.054,32,0.9969,3.15,0.67,10.6,7
"860",7.36,0.22,1.8,0.074,24,0.9944,3.4,0.82,11.2,6
"861",7.82,0.06,2.7,0.077,85,0.9975,3.51,0.54,9.5,5
"863",7.92,0.32,2.7,0.067,25,0.9963,3.24,0.44,10.4,5
"864",7.82,0.06,2.5,0.078,84,0.9975,3.51,0.53,9.7,5
"865",7.82,0.06,2.7,0.077,85,0.9975,3.51,0.54,9.5,5
"866",7.84,0.07,2.6,0.077,86,0.9975,3.51,0.54,9.7,5
"867",7.29,0.22,2.3,0.071,24,0.9944,3.41,0.83,11.3,6
"868",7.41,0.23,2,0.072,22,0.9944,3.4,0.84,11.2,6
"869",7.36,0.22,1.8,0.074,24,0.9944,3.4,0.82,11.2,6
"870",8.23,0.03,2,0.08,43,0.9958,3.44,0.64,10.9,6
"871",8.42,0.01,2.1,0.064,43,0.9937,3.41,0.57,11.8,6
"872",7.46,0.03,1.5,0.086,46,0.9952,3.53,0.57,10.6,5
"873",7.65,0.24,2,0.067,48,0.9958,3.43,0.54,10,4
"874",9.31,0.37,1.6,0.067,10,0.9955,3.23,0.58,11.1,7
"875",10.78,0.46,2.1,0.104,10,0.9966,3.12,0.65,11.8,7
"876",9.11,0.4,2.8,0.109,16,0.9961,3.31,0.79,11.8,7
"877",7.57,0,2.2,0.067,14,0.9952,3.4,0.58,10.9,4
"878",8.42,0.01,2.1,0.064,43,0.9937,3.41,0.57,11.8,6
"880",7.8,0.04,2.5,0.076,88,0.9974,3.53,0.55,9.5,5
"881",9.76,0.18,1.6,0.078,21,0.9958,3.15,0.49,9.9,5
"882",8.31,0,2.1,0.068,35,0.9953,3.48,0.65,11.4,6
"884",7.8,0.04,2.5,0.076,88,0.9974,3.53,0.55,9.5,5
"886",9.65,0.14,2.5,0.086,30,0.9982,3.34,0.64,10.5,5
"887",9.8,0.12,2.4,0.083,28,0.9984,3.33,0.65,10.4,6
"888",11.22,0.38,2.6,0.066,56,0.9958,3.15,0.79,12.1,7
"889",7.37,0,2.5,0.072,64,0.9949,3.43,0.56,11.2,6
"891",7.54,0.24,2,0.071,52,0.9958,3.44,0.58,10.1,5
"892",7.86,0.03,2.3,0.078,86,0.9974,3.53,0.57,9.7,5
"893",10.55,0.23,1.9,0.082,18,0.9977,3.22,0.65,9.3,6
"894",7.86,0.03,2.3,0.078,86,0.9974,3.53,0.57,9.7,5
"895",7.83,0.03,2.2,0.08,88,0.9974,3.53,0.58,9.8,6
"896",7.69,0.01,2.3,0.08,43,0.9955,3.42,0.58,10.7,6
"897",8.61,0.39,2.4,0.078,43,0.9944,3.31,0.77,12.5,7
"898",7.69,0.01,2.3,0.08,43,0.9955,3.42,0.58,10.7,6
"899",8.61,0.39,2.4,0.078,43,0.9944,3.31,0.77,12.5,7
"900",9.32,0.02,3.4,0.084,11,0.9989,3.48,0.49,11,3
"901",9.21,0.36,2.6,0.056,39,0.9956,3.4,0.69,11.8,5
"902",8.04,0.1,2.4,0.08,33,0.9974,3.58,0.69,10.8,7
"903",8.04,0.1,2.4,0.08,33,0.9974,3.58,0.69,10.8,7
"906",9.78,0.2,3,0.081,115,0.998,3.23,0.59,9.5,5
"907",7.74,0.27,2.6,0.084,78,0.9964,3.39,0.71,11,5
"908",6.66,0,2.2,0.079,9,0.9948,3.59,0.54,11.5,6
"909",7.92,0.13,2.4,0.078,61,0.9953,3.43,0.59,10.8,6
"910",7.6,0.39,1.2,0.059,11,0.9933,3.29,0.52,11.5,6
"913",10.46,0.44,2.9,0.065,8,0.9967,3.33,0.62,12.2,6
"915",7.6,0.39,1.2,0.059,11,0.9933,3.29,0.52,11.5,6
"916",8.91,0.4,2.2,0.079,6,0.9951,3.27,0.67,11.9,6
"919",8.76,0.32,2.2,0.081,79,0.9964,3.3,0.72,11,6
"920",9.02,0.12,1.8,0.072,46,0.995,3.38,0.89,11.8,6
"921",10.01,0.37,2.3,0.091,23,0.9979,3.24,0.56,10.5,5
"922",8.76,0.32,2.2,0.081,79,0.9964,3.3,0.72,11,6
"923",9.02,0.12,1.8,0.072,46,0.995,3.38,0.89,11.8,6
"925",9.07,0.27,2.3,0.055,28,0.9952,3.18,0.8,11.2,5
"926",8.82,0.36,1.9,0.064,77,0.996,3.47,0.87,11,7
"927",9.64,0.33,2.3,0.061,73,0.9979,3.47,0.9,10.2,6
"928",9.07,0.19,2.2,0.093,75,0.9974,3.2,0.59,9.2,4
"929",9.07,0.27,2.3,0.055,28,0.9952,3.18,0.8,11.2,5
"930",9.03,0.38,3.3,0.063,19,0.9947,3.3,0.73,12,7
"932",8.01,0.01,2,0.074,38,0.9975,3.48,0.65,9.8,5
"933",8,0.29,1.9,0.078,66,0.9971,3.45,0.59,9.5,6
"934",8.01,0.01,2,0.074,38,0.9975,3.48,0.65,9.8,5
"936",9.1,0.38,2.3,0.06,72,0.9954,3.39,0.72,11.8,6
"937",9.1,0.38,2.3,0.06,72,0.9954,3.39,0.72,11.8,6
"938",12.63,0.5,1.4,0.071,26,0.9979,3.07,0.6,10.4,4
"939",7.58,0.38,2.8,0.068,42,0.9936,3.34,0.72,12.9,7
"940",6.66,0.17,1.6,0.073,11,0.9942,3.61,0.54,11.4,5
"941",9.93,0.52,2.2,0.074,25,0.9951,3.36,0.76,12.4,7
"943",10.53,0.4,2.6,0.092,52,0.9983,3.22,0.64,10,7
"944",10.3,0.34,2.3,0.094,45,0.9986,3.24,0.6,9.7,7
"946",10.64,0.42,2,0.071,20,0.9957,3.14,0.79,11.1,7
"948",8.58,0.48,2.1,0.093,12,0.9941,3.26,0.62,12.4,7
"949",9.02,0.45,1.8,0.075,21,0.9955,3.41,0.76,11.9,7
"950",9.02,0.45,1.8,0.075,21,0.9955,3.41,0.76,11.9,7
"951",9.02,0.45,1.8,0.075,21,0.9955,3.41,0.76,11.9,7
"952",8.58,0.48,2.1,0.093,12,0.9941,3.26,0.62,12.4,7
"953",8.51,0.4,2.2,0.058,10,0.9954,3.31,0.68,11.2,7
"954",10.54,0.48,2.1,0.052,9,0.9946,3.2,0.69,12.1,7
"955",8.03,0.4,2.7,0.082,11,0.9954,3.44,0.54,12.2,6
"956",8.71,0.52,1.9,0.09,23,0.9965,3.36,0.67,10.4,5
"957",9.36,0.52,2.1,0.111,10,0.9957,3.31,0.62,11.3,6
"958",9.87,0.52,2,0.088,51,0.9961,3.29,0.58,11.1,6
"960",8.59,0.05,2,0.089,32,0.9974,3.36,0.61,10,5
"961",8.97,0.27,1.9,0.058,38,0.9952,3.16,0.85,11.1,6
"962",7.66,0.14,1.6,0.078,18,0.9959,3.27,0.62,9.3,5
"963",7.17,0.02,2.1,0.115,16,0.9965,3.38,0.69,9.5,5
"964",9.07,0.39,2,0.1,27,0.9955,3.15,0.69,11.2,6
"965",8.97,0.27,1.9,0.058,38,0.9952,3.16,0.85,11.1,6
"966",8.64,0.4,2.4,0.065,48,0.9955,3.34,0.86,11,6
"967",9.38,0.41,2.4,0.103,10,0.996,3.13,0.58,11.9,7
"968",9.16,0.2,2.1,0.097,113,0.9973,3.13,0.48,9.2,5
"969",9.4,0.43,2.4,0.068,46,0.9943,3.2,0.6,12.2,6
"970",7.26,0.09,2.9,0.079,22,0.9967,3.46,0.61,10.2,5
"971",10.66,0.48,1.9,0.066,10,0.9972,3.33,0.87,10.9,6
"972",10.66,0.48,1.9,0.066,10,0.9972,3.33,0.87,10.9,6
"973",10.48,0.5,2.4,0.104,13,0.9964,3.22,0.65,11.6,7
"974",8.84,0.44,1.7,0.079,12,0.996,3.52,0.63,10.7,5
"976",7.61,0.3,2.1,0.083,72,0.997,3.44,0.52,9.4,5
"977",7.61,0.3,2.1,0.083,72,0.997,3.44,0.52,9.4,5
"979",7.4,0.32,3.6,0.061,29,0.9942,3.28,0.49,11.3,7
"980",12.65,0.49,1.4,0.075,6,0.9969,3.13,0.63,10.4,5
"981",9.6,0.3,1.9,0.065,17,0.9977,3.32,0.71,10.5,6
"982",10.36,0.26,1.9,0.079,28,0.9971,3.25,0.62,10,5
"983",7.82,0.32,2.1,0.07,70,0.9942,3.34,0.82,12.9,6
"984",9.6,0.3,1.9,0.065,17,0.9977,3.32,0.71,10.5,6
"985",12.65,0.49,1.4,0.075,6,0.9969,3.13,0.63,10.4,5
"986",7.98,0,2,0.064,11,0.9956,3.45,0.58,11.3,6
"987",10.14,0.39,1.4,0.066,7,0.9947,3.19,0.55,11.4,7
"988",7.46,0.3,1.6,0.08,70,0.9969,3.44,0.5,9.4,5
"989",8.09,0.12,1.7,0.097,27,0.996,3.16,0.49,9.4,5
"990",9.99,0.4,1.5,0.073,21,0.9956,3.14,0.51,10.9,6
"991",8.09,0.12,1.7,0.097,27,0.996,3.16,0.49,9.4,5
"992",7.44,0.28,2,0.082,68,0.9969,3.45,0.48,9.4,5
"993",6.9,0.1,2,0.076,47,0.9955,3.36,0.48,9.4,6
"994",7.44,0.28,2,0.082,68,0.9969,3.45,0.48,9.4,5
"995",10.35,0.45,2.5,0.092,88,0.9992,3.15,0.43,9.4,5
"996",8.3,0.06,2,0.079,41,0.997,3.39,0.62,10.1,6
"999",9.74,0.34,1.4,0.05,10,0.9955,3.12,0.48,9.1,6
"1001",7.93,0.3,2.2,0.062,12,0.995,3.44,0.72,11.5,7
"1002",10.25,0.38,1.5,0.058,47,0.9968,3.26,0.82,10.6,7
"1003",9.39,0.33,2.05,0.063,27,0.9952,3.26,0.84,11.7,7
"1004",7.16,0.32,1.8,0.067,8,0.9928,3.36,0.55,12.8,7
"1005",8.63,0.29,1.6,0.081,45,0.996,3.25,0.54,10.3,5
"1006",7.16,0.32,1.8,0.067,8,0.9928,3.36,0.55,12.8,7
"1007",9.39,0.33,2.05,0.063,27,0.9952,3.26,0.84,11.7,7
"1008",9.4,0.34,2,0.064,25,0.9952,3.26,0.84,11.7,7
"1009",9.25,0.4,3.6,0.11,24,0.9955,3.23,0.7,12,7
"1010",10.1,0.36,2.8,0.116,55,0.9972,3.18,0.68,10.9,5
"1011",9.18,0.45,1.7,0.067,12,0.9935,3.25,0.55,12.3,7
"1012",9.22,0.31,2,0.088,19,0.9957,3.17,0.55,10.4,6
"1013",8.7,0.15,2.1,0.102,32,0.996,3.23,0.48,10,5
"1014",8.21,0,1.6,0.092,31,0.9964,3.38,0.58,10,6
"1016",10.89,0.46,2.2,0.075,27,0.996,3.06,0.84,11.4,6
"1017",9.28,0.4,2.2,0.068,28,0.9949,3.27,0.75,12.6,7
"1020",7.5,0.14,1.8,0.078,23,0.9964,3.53,0.61,10.4,5
"1023",7.51,0.09,2.1,0.062,9,0.9958,3.35,0.54,10.5,5
"1024",8.52,0.42,2.3,0.098,9,0.9951,3.27,0.55,12.3,6
"1025",8.28,0.01,1.8,0.088,18,0.9957,3.32,0.56,10.5,7
"1026",9.43,0,2.8,0.095,43,0.9982,3.33,0.6,10.4,6
"1027",8.21,0.32,1.9,0.066,36,0.9936,3.41,0.56,12.6,6
"1028",7.2,0,2.2,0.065,52,0.9938,3.49,0.52,11.6,5
"1029",7.54,0.21,2.5,0.075,68,0.9959,3.37,0.54,10.1,6
"1030",8.28,0.01,1.8,0.088,18,0.9957,3.32,0.56,10.5,7
"1031",7.69,0,2.1,0.091,14,0.9949,3.42,0.55,11.5,7
"1032",7.85,0.01,1.8,0.093,15,0.9951,3.35,0.58,11,7
"1034",8.07,0.08,2.6,0.089,27,0.9959,3.3,0.59,10.4,6
"1035",9.64,0.18,2.5,0.077,48,0.9974,3.2,0.47,9.7,6
"1036",10.47,0.34,2.4,0.085,17,0.9968,3.17,0.65,10.6,7
"1037",7.91,0.34,2.5,0.082,35,0.9936,3.22,0.59,12.5,7
"1038",8.21,0.1,1.8,0.074,56,0.9967,3.35,0.56,9.2,5
"1040",9.4,0.21,2.2,0.088,39,0.9969,3.33,0.83,11.1,6
"1041",8.37,0,2.2,0.088,32,0.9976,3.58,0.67,10.2,5
"1042",7.39,0.19,1.7,0.079,26,0.9955,3.38,0.64,9.8,6
"1043",9.4,0.21,2.2,0.088,39,0.9969,3.33,0.83,11.1,6
"1045",6.79,0.33,3.3,0.046,53,0.9929,3.36,0.62,12.2,6
"1046",7.34,0,1.4,0.07,38,0.9944,3.32,0.58,11.4,6
"1047",8.38,0,1.7,0.076,45,0.9961,3.31,0.62,10.7,6
"1048",7.53,0.17,1.8,0.082,51,0.9963,3.49,0.64,10.4,5
"1049",9.79,0.36,1.7,0.081,14,0.997,3.27,0.78,10.9,6
"1050",9.8,0.36,1.8,0.084,17,0.997,3.27,0.77,10.8,6
"1051",7.53,0.17,1.8,0.082,51,0.9963,3.49,0.64,10.4,5
"1053",6.21,0.05,2.4,0.073,25,0.9926,3.56,0.55,12.9,5
"1054",8.63,0.42,2.3,0.07,20,0.9943,3.38,0.77,12.7,7
"1055",8.84,0.27,2,0.095,77,0.9975,3.13,0.62,9.1,6
"1056",8.84,0.27,2,0.095,77,0.9975,3.13,0.62,9.1,6
"1059",10.43,0.57,2.4,0.093,52,0.9971,3.19,0.76,11.6,7
"1061",11.83,0.57,1.8,0.074,8,0.9981,3.14,0.7,9.9,6
"1062",9.5,0.5,1.8,0.071,16,0.9946,3.21,0.69,12.5,8
"1063",8.38,0.44,1.9,0.098,15,0.9956,3.3,0.64,11.4,6
"1064",10.49,0.65,2.4,0.075,17,0.9956,3.22,0.63,11.8,6
"1065",8.94,0.09,2,0.067,10,0.9942,3.28,0.57,11.8,6
"1066",8.31,0.18,2.4,0.083,20,0.9963,3.29,0.6,10.2,6
"1067",7.12,0.08,2.4,0.07,26,0.9936,3.4,0.72,12.5,7
"1068",11.41,0.53,2.2,0.06,10,0.9957,3.02,0.83,10.9,7
"1069",11.41,0.53,2.2,0.06,10,0.9957,3.02,0.83,10.9,7
"1070",8.62,0.35,2.8,0.086,52,0.997,3.31,0.62,10.8,5
"1071",9.63,0.45,1.5,0.057,37,0.995,3.18,0.89,11.1,7
"1073",7.55,0.26,1.8,0.083,75,0.9968,3.4,0.58,9.5,6
"1074",8.62,0.33,2.7,0.088,37,0.9972,3.31,0.58,10.7,6
"1076",9.35,0.34,2,0.071,67,0.9977,3.44,0.86,10.2,7
"1077",10.22,0.56,2,0.073,8,0.9953,3.15,0.73,11.4,6
"1081",10.57,0.56,1.4,0.047,8,0.9947,3.16,0.51,11.8,6
"1083",7.58,0.3,1.8,0.073,70,0.9968,3.42,0.59,9.5,6
"1084",9.12,0.45,2.4,0.072,59,0.9962,3.33,0.77,12,6
"1085",7.58,0.3,1.8,0.073,70,0.9968,3.42,0.59,9.5,6
"1086",7.28,0.08,1.8,0.074,64,0.9953,3.12,0.49,9.6,5
"1088",8.09,0.42,1.6,0.057,30,0.994,3.29,0.69,11.2,6
"1089",12.01,0.54,1.5,0.095,41,0.9974,3.02,0.76,9.9,7
"1090",12.01,0.54,1.5,0.095,41,0.9974,3.02,0.76,9.9,7
"1091",10.26,0.54,1.9,0.083,74,0.9945,2.98,0.63,11.8,8
"1092",8.24,0.42,2,0.086,19,0.9955,3.35,0.6,11.4,6
"1093",7.54,0.09,2,0.081,16,0.9948,3.43,0.59,11.5,6
"1094",9.51,0.36,2.2,0.079,31,0.9962,3.33,0.86,12,7
"1096",9.8,0.47,2.5,0.087,20,0.9977,3.15,0.5,10.5,5
"1098",9.12,0.38,1.5,0.096,18,0.9967,3.2,0.52,9.4,5
"1100",9.12,0.38,1.5,0.096,18,0.9967,3.2,0.52,9.4,5
"1101",8.74,0.42,2.1,0.072,36,0.9939,3.11,0.78,12.4,6
"1102",7.89,0.27,2.1,0.071,25,0.9939,3.35,0.63,12,6
"1103",6.58,0.09,1.7,0.078,30,0.994,3.45,0.54,11.2,6
"1104",7.89,0.27,2.1,0.071,25,0.9939,3.35,0.63,12,6
"1105",8.48,0.34,2.2,0.073,25,0.9936,3.28,0.66,12.4,6
"1106",6.87,0.28,2.1,0.048,49,0.9937,3.41,0.6,12.8,5
"1107",8.43,0.42,1.9,0.069,17,0.9938,3.21,0.54,12.3,6
"1108",9.4,0.41,2,0.068,24,0.9952,3.27,0.85,11.7,7
"1109",8.88,0.1,3.3,0.09,13,0.9986,3.36,0.49,9.5,5
"1111",8.83,0,1.4,0.07,14,0.9959,3.25,0.64,10,6
"1113",8.23,0.41,1.5,0.056,35,0.994,3.29,0.71,11,6
"1114",9.14,0.39,1.6,0.074,10,0.997,3.12,0.59,9.5,6
"1116",7.69,0.07,2.5,0.091,21,0.9957,3.38,0.6,11.3,6
"1117",7.69,0.07,2.5,0.091,21,0.9957,3.38,0.6,11.3,6
"1118",7.69,0.07,2.5,0.091,21,0.9957,3.38,0.6,11.3,6
"1120",6.26,0,2.5,0.066,15,0.9926,3.52,0.58,12.9,5
"1121",8.44,0.34,2.5,0.076,17,0.9924,3.2,0.72,13.1,8
"1122",7.1,0,1.8,0.062,28,0.9935,3.44,0.55,12.3,6
"1124",11.1,0.37,1.9,0.081,29,0.9967,3.12,0.65,11.2,6
"1125",7.08,0,2.2,0.096,13,0.9956,3.62,0.62,11.5,4
"1126",9.04,0.35,1.7,0.055,27,0.9939,3.14,0.59,11.3,7
"1128",7.06,0,2.9,0.072,52,0.9938,3.51,0.6,11.5,6
"1129",10.43,0.33,2.7,0.095,89,0.9984,3.22,0.68,10,5
"1130",10.93,0.35,3.3,0.092,70,0.998,3.21,0.69,10.5,6
"1131",9.7,0,1.9,0.058,10,0.9977,3.18,0.63,10.4,6
"1135",8.78,0.35,1.7,0.061,15,0.9952,3.3,0.74,11.8,7
"1136",8.25,0.43,1.7,0.067,50,0.9946,3.38,0.6,11.9,6
"1137",10.92,0.45,2,0.08,13,0.9977,3.22,0.76,11.4,6
"1138",10.92,0.45,2,0.08,13,0.9977,3.22,0.76,11.4,6
"1140",8.71,0.24,2,0.079,86,0.9976,3.34,0.64,9.5,6
"1141",7.7,0.3,1.7,0.08,79,0.9969,3.41,0.65,9.5,6
"1142",8.58,0.32,2.5,0.08,71,0.9962,3.27,0.85,11,6
"1143",7.35,0.11,2.4,0.043,12,0.9935,3.3,0.65,11.4,6
"1144",7.22,0.3,1.8,0.065,20,0.9967,3.61,0.82,10,6
"1145",7.62,0.23,2.3,0.066,70,0.9959,3.43,0.62,10.1,5
"1146",8.4,0.43,2.5,0.076,51,0.9967,3.53,0.81,10.4,6
"1149",8.19,0.42,2,0.086,21,0.9953,3.39,0.66,11.6,6
"1150",10.35,0.47,2,0.061,11,0.9958,3.23,0.52,12,6
"1151",8.53,0.32,2.8,0.067,12,0.9947,3.3,0.76,12.8,7
"1152",6.68,0.23,2.5,0.044,70,0.9935,3.46,0.65,12.5,6
"1154",10.02,0.35,2.1,0.083,38,0.9962,3.23,0.66,11.1,6
"1155",7.18,0,2.2,0.1,63,0.9954,3.59,0.68,11.4,6
"1157",8.68,0.51,1.75,0.071,88,0.9952,3.33,0.76,11.8,7
"1158",5.61,0.18,2.1,0.042,101,0.9924,3.46,0.87,12.9,7
"1160",10.61,0.43,2.2,0.11,37,0.9973,3.16,0.67,10.8,5
"1161",10.96,0.57,2.3,0.087,20,0.9968,3.14,0.72,11.1,7
"1162",9.25,0.43,1.4,0.076,21,0.9955,3.21,0.75,10.2,6
"1163",8.82,0.42,2.3,0.075,19,0.9943,3.14,0.71,11.8,7
"1164",9.79,0.24,1.7,0.078,21,0.9969,3.29,0.67,10,5
"1165",9.79,0.24,1.7,0.078,21,0.9969,3.29,0.67,10,5
"1168",8.53,0.39,2.5,0.074,48,0.9953,3.32,0.88,12.4,7
"1169",6.84,0.27,2.8,0.067,44,0.9938,3.21,0.56,12,6
"1170",8.1,0.29,2.3,0.086,14,0.995,3.32,0.62,11.5,6
"1171",9.56,0.34,1.6,0.062,12,0.9967,3.2,0.67,10.5,6
"1172",7.69,0,2.2,0.078,44,0.9952,3.42,0.68,10.8,6
"1173",10.12,0.46,2.1,0.074,16,0.9965,3.27,0.74,12.3,6
"1174",7.96,0.31,1.7,0.079,65,0.9972,3.46,0.62,9.5,6
"1175",7.96,0.31,1.7,0.079,65,0.9972,3.46,0.62,9.5,6
"1176",7.11,0,2.2,0.095,59,0.9954,3.61,0.7,11.5,6
"1178",7.76,0,2.4,0.052,11,0.9932,3.35,0.66,12.7,7
"1180",8.55,0.33,2.4,0.076,47,0.996,3.27,0.81,11,6
"1181",8.55,0.33,2.4,0.076,47,0.996,3.27,0.81,11,6
"1182",10.19,0.43,1.65,0.068,11,0.9948,3.19,0.46,11.4,5
"1183",10.6,0.4,2.5,0.068,54,0.9975,3.38,0.86,10.5,6
"1184",7.46,0.07,1.6,0.07,61,0.9957,3.29,0.6,9.3,5
"1186",7.43,0.3,2,0.085,39,0.9935,3.33,0.46,11.9,6
"1188",7.43,0.3,2,0.085,39,0.9935,3.33,0.46,11.9,6
"1190",9.76,0.05,1.8,0.075,19,0.9962,3.3,0.44,9.6,4
"1193",7.45,0.37,2.5,0.063,41,0.9944,3.52,0.8,12.4,7
"1195",7.75,0.12,1.8,0.114,64,0.9959,3.22,0.59,9.5,6
"1196",6.63,0.22,1.8,0.078,56,0.9963,3.52,0.6,9.5,6
"1197",8.48,0.23,2.3,0.076,94,0.9969,3.21,0.58,9.5,6
"1198",8.27,0.21,1.5,0.069,9,0.9946,3.16,0.54,9.8,6
"1199",7.96,0.26,2,0.052,77,0.9951,3.15,0.79,10.9,6
"1200",8.48,0.23,2.3,0.076,94,0.9969,3.21,0.58,9.5,6
"1201",8.27,0.21,1.5,0.069,9,0.9946,3.16,0.54,9.8,6
"1202",8.24,0.36,1.9,0.065,10,0.9942,3.27,0.54,11.2,7
"1203",9.02,0.39,1.8,0.068,12,0.9952,3.35,0.69,11.7,8
"1205",7.56,0.46,2.1,0.074,44,0.9953,3.4,0.85,11,7
"1206",7.56,0.46,2.1,0.074,44,0.9953,3.4,0.85,11,7
"1207",7.56,0.46,2.1,0.074,44,0.9953,3.4,0.85,11,7
"1209",7.56,0.46,2.1,0.074,44,0.9953,3.4,0.85,11,7
"1210",6.59,0.43,2,0.071,24,0.9943,3.45,0.87,11.2,7
"1211",7.45,0.02,2.1,0.078,15,0.995,3.35,0.62,10.4,6
"1212",7.04,0.15,2.1,0.076,53,0.9957,3.32,0.62,9.3,5
"1213",7.45,0.02,2.1,0.078,15,0.995,3.35,0.62,10.4,6
"1214",9.98,0.42,1.9,0.071,13,0.9966,3.15,0.75,10.5,6
"1215",10.53,0.46,1.9,0.081,9,0.9963,3.1,0.48,10.4,6
"1216",9.07,0.46,2.1,0.095,29,0.9949,3.26,0.56,11.3,6
"1217",8.47,0.31,2,0.079,79,0.9968,3.29,0.69,9.5,6
"1218",8.54,0.37,1.9,0.057,74,0.9941,3.23,0.81,12,6
"1219",8.6,0.31,1.9,0.082,24,0.996,3.24,0.69,10.6,6
"1220",9.39,0.4,1.3,0.044,50,0.9948,3.2,0.83,10.9,6
"1223",8.63,0.22,2.2,0.078,89,0.9968,3.26,0.46,9.6,6
"1224",10.86,0.47,2.2,0.074,23,0.9964,3.23,0.76,12,6
"1226",9.66,0.23,2.6,0.091,77,0.9992,3.15,0.51,9.4,5
"1228",9.58,0.25,2,0.104,21,0.9977,3.27,0.72,9.6,5
"1230",8.03,0.29,2.1,0.075,66,0.9972,3.4,0.64,9.5,5
"1231",7.88,0.34,2.7,0.066,58,0.9947,3.37,0.78,11.8,6
"1232",8.62,0.01,2.6,0.074,90,0.9962,3.38,0.62,10.8,5
"1233",8.03,0.29,2.1,0.075,66,0.9972,3.4,0.64,9.5,5
"1234",10.43,0.37,2.2,0.057,36,0.9961,3.23,0.49,9.3,4
"1235",7.85,0.01,2.2,0.059,18,0.9924,3.39,0.4,12.8,6
"1237",8.35,0,1.7,0.07,17,0.9966,3.26,0.64,9.4,6
"1238",7.85,0.01,2.2,0.059,18,0.9924,3.39,0.4,12.8,6
"1239",8.83,0,2.5,0.081,24,0.998,3.38,0.46,9.6,4
"1241",8.11,0.2,1.7,0.076,60,0.9949,3.1,0.4,9.3,5
"1242",10.17,0.39,2.5,0.079,65,0.9973,3.16,0.59,9.8,5
"1243",9.4,0.41,2,0.058,40,0.9941,3.22,0.6,12.2,6
"1244",8.86,0.22,2.4,0.082,86,0.9983,3.37,0.62,9.5,5
"1246",7.95,0.19,1.8,0.082,34,0.9966,3.49,0.68,10.5,5
"1247",8.14,0.07,1.7,0.086,48,0.995,3.12,0.48,10,5
"1248",7.95,0.19,1.8,0.082,34,0.9966,3.49,0.68,10.5,5
"1249",7.31,0.33,2.2,0.081,36,0.9949,3.41,0.75,11.1,6
"1250",7.7,0.01,2.3,0.079,37,0.9951,3.4,0.61,10.9,6
"1251",7.7,0.01,2.3,0.079,37,0.9951,3.4,0.61,10.9,6
"1252",8.08,0.14,2.2,0.077,60,0.9963,3.28,0.59,9.8,5
"1254",8.56,0,1.4,0.096,13,0.9957,3.43,0.58,9.5,5
"1255",8.5,0.06,1.9,0.079,35,0.9963,3.4,0.69,10.9,5
"1256",6.74,0.02,2.4,0.069,46,0.9936,3.47,0.45,11,5
"1257",8.09,0.22,1.8,0.082,60,0.995,3.1,0.42,9.2,5
"1262",7.32,0,2,0.083,24,0.9944,3.59,0.55,11.2,4
"1263",10.25,0.38,2.5,0.081,66,0.9973,3.15,0.58,9.8,5
"1264",8.98,0,2.2,0.089,26,0.9978,3.37,0.46,9.6,4
"1265",8.87,0.32,1.8,0.066,51,0.9946,3.38,0.72,11.8,6
"1266",7.77,0.05,2.3,0.081,36,0.9956,3.38,0.6,10.3,6
"1267",7.77,0.05,2.3,0.081,36,0.9956,3.38,0.6,10.3,6
"1268",10.83,0.5,2.3,0.068,19,0.996,3.1,0.87,11.4,6
"1269",7.31,0.31,2,0.079,51,0.9967,3.47,0.55,9.5,6
"1272",7.74,0.2,1.6,0.049,64,0.9935,3.38,0.57,11.7,6
"1273",6.36,0,1.9,0.077,44,0.9938,3.5,0.53,11.2,5
"1274",8.08,0.2,2,0.073,44,0.9949,3.1,0.43,9.3,5
"1275",8.38,0.13,2.1,0.102,36,0.9944,3.24,0.53,11.2,6
"1276",8.71,0.22,2.3,0.075,81,0.9969,3.24,0.54,9.5,6
"1278",7.69,0,1.9,0.114,10,0.9964,3.35,0.6,9.7,6
"1279",8.71,0.22,2.3,0.075,81,0.9969,3.24,0.54,9.5,6
"1280",10.1,0.39,1.7,0.062,9,0.9948,3.14,0.57,11.5,7
"1281",7.56,0.2,1.9,0.077,54,0.9956,3.37,0.64,10.4,6
"1282",7.56,0.2,1.9,0.077,54,0.9956,3.37,0.64,10.4,6
"1283",8.67,0,2,0.084,22,0.9962,3.33,0.68,10.9,6
"1284",9.33,0.28,2.7,0.096,69,0.9973,3.26,0.63,10.2,6
"1285",7.42,0.19,2.3,0.071,36,0.9948,3.39,0.56,10.9,5
"1286",11.67,0.5,1.8,0.09,47,0.9973,3.15,0.57,10.5,5
"1287",7.26,0.44,2.5,0.068,31,0.9933,3.35,0.54,12.4,6
"1288",8.6,0.08,2.6,0.056,7,0.9929,3.22,0.37,13,5
"1291",8.34,0,1.9,0.1,12,0.9952,3.36,0.59,11,5
"1292",8.83,0.1,2.1,0.073,60,0.9964,3.29,0.75,10.9,6
"1293",6.29,0.13,2.4,0.056,28,0.9936,3.62,0.67,12.4,6
"1294",8.26,0,1.9,0.084,12,0.9967,3.34,0.49,9.7,4
"1295",8.83,0.1,2.1,0.073,60,0.9964,3.29,0.75,10.9,6
"1298",7.73,0.14,2.1,0.064,29,0.9932,3.35,0.61,12.1,6
"1302",7.56,0.07,2,0.1,57,0.996,3.6,0.74,11.7,6
"1303",9.47,0.32,2.1,0.064,15,0.9958,3.3,0.8,11.2,6
"1304",8.28,0.44,1.8,0.081,68,0.995,3.36,0.66,11.2,5
"1305",8.39,0.21,2.3,0.087,68,0.9955,3.12,0.44,9.2,5
"1306",8.11,0.26,1.9,0.073,88,0.9961,3.3,0.53,9.8,5
"1307",10.39,0.32,2.5,0.088,91,0.9979,3.29,0.62,10.1,5
"1309",10.39,0.32,2.5,0.088,91,0.9979,3.29,0.62,10.1,5
"1310",7.62,0.1,1.4,0.071,63,0.996,3.28,0.61,9.2,5
"1311",8.11,0.26,1.9,0.073,88,0.9961,3.3,0.53,9.8,5
"1312",7.01,0.15,3,0.064,27,0.9929,3.33,0.59,12.8,6
"1313",9.18,0.21,1.9,0.083,41,0.9953,3.34,0.47,10.5,5
"1314",7.36,0.21,2.3,0.086,65,0.9956,3.4,0.54,10.1,6
"1315",7.36,0.21,2.4,0.086,69,0.9956,3.4,0.53,10.1,6
"1316",8.13,0.27,2,0.083,91,0.9962,3.26,0.58,9.8,6
"1318",10.34,0.46,2.2,0.091,41,0.9964,3.18,0.69,11.9,6
"1319",8.13,0.27,2,0.083,91,0.9962,3.26,0.58,9.8,6
"1321",10.36,0.34,2.6,0.094,88,0.998,3.26,0.66,10.1,5
"1323",9.44,0.42,1.8,0.058,18,0.9939,3.18,0.55,11.4,5
"1324",9.46,0.39,1.8,0.06,55,0.995,3.18,0.82,11,7
"1325",7.16,0.24,1.7,0.077,34,0.9948,3.39,0.6,10.6,6
"1326",7.16,0.24,1.7,0.077,34,0.9948,3.39,0.6,10.6,6
"1327",7.16,0.24,1.7,0.077,34,0.9948,3.39,0.6,10.6,6
"1328",7.16,0.24,1.7,0.077,34,0.9948,3.39,0.6,10.6,6
"1329",7.02,0.11,1.8,0.073,38,0.9955,3.34,0.52,9.3,5
"1330",8,0.26,2.1,0.083,91,0.9962,3.29,0.56,9.8,6
"1331",8,0.26,2.1,0.083,91,0.9962,3.29,0.56,9.8,6
"1333",8.79,0.1,1.7,0.075,25,0.9958,3.09,0.43,9.7,6
"1334",9.88,0.22,2.2,0.079,48,0.9976,3.18,0.51,9.6,5
"1336",7.18,0.02,2.4,0.069,40,0.9939,3.38,0.66,12.6,6
"1337",6.5,0,1.4,0.057,26,0.9945,3.36,0.45,9.5,5
"1338",6.5,0,1.4,0.057,26,0.9945,3.36,0.45,9.5,5
"1339",6.5,0,1.4,0.057,26,0.9945,3.36,0.45,9.5,5
"1340",8.01,0.02,1.7,0.084,31,0.9954,3.36,0.54,10.5,6
"1341",8.01,0.02,1.7,0.084,31,0.9954,3.36,0.54,10.5,6
"1342",8.01,0.02,1.7,0.084,31,0.9954,3.36,0.54,10.5,6
"1343",8.14,0.02,1.7,0.085,31,0.9959,3.37,0.51,10.4,6
"1344",8.01,0.02,1.7,0.084,31,0.9954,3.36,0.54,10.5,6
"1345",11.92,0.48,2.6,0.077,20,0.9985,3.09,0.53,11,5
"1346",8.64,0.24,2.3,0.063,28,0.9961,3.25,0.53,10.2,6
"1347",6.69,0.01,2.1,0.056,13,0.9947,3.52,0.56,11.4,5
"1348",7.86,0.03,1.8,0.078,12,0.9959,3.34,0.39,9.5,5
"1349",7.86,0.03,1.8,0.078,12,0.9959,3.34,0.39,9.5,5
"1350",7.47,0,2.8,0.081,41,0.9952,3.41,0.52,10.8,5
"1351",9.6,0.29,2,0.069,73,0.9965,3.34,0.57,10,5
"1352",7.82,0.01,2.3,0.065,46,0.9933,3.32,0.51,11.8,6
"1353",8.24,0.03,1.9,0.086,57,0.9969,3.37,0.46,10.3,5
"1354",8.24,0.03,1.9,0.086,57,0.9969,3.37,0.46,10.3,5
"1355",7.78,0.03,2.3,0.077,28,0.9957,3.35,0.52,10,5
"1356",6.42,0.25,1.8,0.086,32,0.9946,3.36,0.44,10.1,5
"1357",6.44,0.25,1.8,0.084,28,0.9946,3.36,0.44,10.1,5
"1358",7.73,0.24,2.5,0.078,67,0.9965,3.6,0.59,11.1,6
"1360",12.07,0.4,1.4,0.091,28,0.997,3.07,0.65,10.0333333333333,6
"1361",9.74,0.31,2.3,0.112,38,0.997,3.24,0.56,10.9,5
"1362",9.15,0.14,2.5,0.093,54,0.9972,3.36,0.54,10.1,5
"1363",12.07,0.4,1.4,0.091,28,0.997,3.07,0.65,10.0333333333333,6
"1364",8.83,0.27,2,0.08,63,0.9965,3.29,0.48,9.8,4
"1365",7.8,0.02,1.9,0.096,31,0.995,3.46,0.53,11.8,6
"1366",8.3,0.09,2.2,0.115,42,0.9971,3.18,0.62,9.5,5
"1367",8.04,0.08,1.7,0.094,45,0.9958,3.24,0.5,9.8,5
"1369",8.77,0.32,2.1,0.079,74,0.9966,3.27,0.5,9.8,6
"1370",7.21,0,1.6,0.069,8,0.994,3.33,0.37,10.4,4
"1376",7.76,0.26,2,0.083,100,0.9959,3.26,0.52,9.9,5
"1377",9.08,0.2,1.4,0.086,31,0.9946,3.11,0.46,10,5
"1379",7.65,0.15,2,0.078,28,0.9961,3.29,0.51,9.9,6
"1380",8.07,0.02,2.6,0.077,35,0.9956,3.36,0.62,10.8,6
"1381",8.07,0.02,2.6,0.077,35,0.9956,3.36,0.62,10.8,6
"1382",7.63,0.09,1.8,0.074,25,0.9953,3.38,0.45,9.6,5
"1383",8.6,0.22,2.1,0.08,105,0.9961,3.3,0.49,9.9,5
"1384",8.6,0.22,2.1,0.08,105,0.9961,3.3,0.49,9.9,5
"1385",7.85,0.15,1.8,0.107,84,0.9959,3.19,0.5,9.5,5
"1386",8.81,0.25,3.4,0.076,85,0.9967,3.19,0.42,9.2,5
"1387",8.04,0.07,1.8,0.1,23,0.9961,3.3,0.58,9.6,5
"1388",8.04,0.07,1.8,0.1,23,0.9961,3.3,0.58,9.6,5
"1390",7.18,0.02,2.2,0.08,111,0.9952,3.1,0.53,9.7,5
"1391",6.49,0,2.3,0.068,33,0.9929,3.58,0.59,12.5,6
"1392",8.64,0.22,2.4,0.094,33,0.9961,3.37,0.58,11,5
"1393",7.72,0.06,1.3,0.07,12,0.9942,3.17,0.48,9.8,5
"1394",8.52,0.25,2,0.078,59,0.9961,3.3,0.48,10.2,5
"1396",9.29,0.1,1.6,0.092,12,0.9974,3.31,0.65,9.55,6
"1397",9.38,0.1,1.6,0.09,11,0.9974,3.31,0.65,9.55,5
"1398",7.89,0.26,2,0.08,104,0.9958,3.28,0.52,9.9,5
"1399",7.6,0.12,2.2,0.083,28,0.9966,3.52,0.62,10.2,7
"1400",7.87,0,2.2,0.068,24,0.9956,3.42,0.72,11.1,6
"1403",7.9,0.42,2,0.052,24,0.9963,3.44,0.82,11.9,6
"1405",8.5,0.39,2.6,0.082,46,0.9985,3.43,0.62,10.7,6
"1406",7.98,0.3,2,0.062,34,0.9952,3.28,0.9,11.3,7
"1408",6.51,0,2.1,0.064,54,0.995,3.54,0.93,10.7,6
"1410",6.51,0,2.1,0.064,54,0.995,3.54,0.93,10.7,6
"1411",7.56,0,1.8,0.082,16,0.9936,3.5,0.44,11.9,6
"1412",6.87,0.4,2.4,0.071,19,0.9963,3.56,0.73,10.6,6
"1414",10.47,0.25,2,0.104,89,0.9963,3.04,0.9,10.1,5
"1415",10.32,0.59,2.2,0.077,15,0.9994,3.2,0.78,9.6,5
"1416",6.78,0,1.6,0.065,18,0.9966,3.56,0.84,9.4,5
"1417",10.32,0.59,2.2,0.077,15,0.9994,3.2,0.78,9.6,5
"1418",7.64,0.33,2.5,0.064,37,0.9952,3.35,0.77,12.1,7
"1419",8.33,0.01,1.6,0.077,19,0.995,3.16,0.46,9.8,5
"1421",8.33,0.01,1.6,0.077,19,0.995,3.16,0.46,9.8,5
"1422",7.9,0.18,1.6,0.079,58,0.9965,3.34,0.58,9.4,5
"1423",7.54,0,2.1,0.079,55,0.9956,3.39,0.84,11.4,6
"1425",8.56,0.37,1.4,0.076,23,0.9974,3.26,0.7,9.6,6
"1426",8.56,0.37,1.4,0.076,23,0.9974,3.26,0.7,9.6,6
"1427",7.93,0.37,1.8,0.046,60,0.9971,3.41,0.71,12.1,6
"1428",8.01,0.33,2.5,0.078,23,0.9957,3.3,0.58,11.2,5
"1429",8.44,0,1.9,0.072,55,0.9962,3.31,0.63,11,5
"1430",8.08,0.4,2.2,0.049,67,0.996,3.33,0.93,11.3,5
"1431",7.81,0.24,1.8,0.066,47,0.9956,3.37,0.62,10.4,5
"1432",8.03,0.31,2.1,0.069,74,0.9958,3.26,0.54,9.9,6
"1433",6.34,0,1.6,0.042,11,0.9944,3.48,0.85,11.7,6
"1434",6.5,0.16,1.8,0.069,25,0.9955,3.42,0.74,10.1,7
"1439",7.59,0,1.7,0.052,8,0.996,3.41,0.47,10.3,5
"1440",7.97,0.02,2.2,0.072,92,0.9957,3.32,0.68,11.0666666666667,6
"1441",7.57,0.32,2,0.062,28,0.9947,3.23,0.73,11.3,7
"1443",7.53,0.02,1.9,0.078,30,0.9971,3.4,0.75,9.8,5
"1444",7.48,0.2,1.75,0.058,22,0.9932,3.38,0.49,11.7,5
"1445",7.97,0.02,2.2,0.072,92,0.9957,3.32,0.68,11.1,6
"1447",7.53,0.02,1.9,0.078,30,0.9971,3.4,0.75,9.8,5
"1448",7.47,0,1.9,0.08,39,0.997,3.4,0.74,9.7,5
"1449",7.48,0.01,1.9,0.08,54,0.9968,3.4,0.73,9.7,5
"1450",7.58,0.31,2,0.056,29,0.9947,3.23,0.76,11.3,8
"1451",7.57,0.32,2,0.062,28,0.9947,3.23,0.73,11.3,7
"1452",8.12,0.44,2.7,0.104,17,0.9973,3.33,0.78,11,7
"1453",7.18,0.02,2,0.062,53,0.9937,3.35,0.76,11.6,7
"1454",8.09,0.33,1.9,0.074,85,0.9971,3.41,0.58,9,5
"1455",12.15,0.63,2.2,0.073,23,0.9997,3.21,0.69,10.9,6
"1456",7.4,0,1.6,0.052,17,0.9947,3.5,0.63,10.9,6
"1457",6.54,0.06,1.8,0.05,89,0.9924,3.3,0.5,10.55,6
"1458",8.09,0.33,1.9,0.074,85,0.9971,3.41,0.58,9,5
"1459",8.69,0.4,1.7,0.067,20,0.996,3.39,0.6,10.5,5
"1460",8.1,0.35,1.7,0.054,15,0.9946,3.32,0.8,11.9,7
"1461",6.82,0.09,2.3,0.054,64,0.9972,3.41,0.68,10.4,6
"1462",6.99,0,2.1,0.06,13,0.9966,3.59,0.61,10,4
"1463",7.44,0.03,2.3,0.075,31,0.9954,3.36,0.58,10.4,6
"1464",7.53,0.01,2.4,0.076,39,0.9952,3.34,0.53,10.8,6
"1465",7.39,0.1,1.7,0.063,53,0.9958,3.41,0.67,9.7,5
"1466",7.39,0.1,1.7,0.063,53,0.9958,3.41,0.67,9.7,5
"1467",7.78,0.32,2.1,0.062,54,0.9973,3.3,0.65,10,7
"1468",7.74,0.08,2.3,0.067,32,0.9965,3.52,0.57,11,4
"1469",7.78,0.32,2.1,0.062,54,0.9973,3.3,0.65,10,7
"1470",8.28,0.05,2.1,0.061,49,0.997,3.31,0.55,9.7,3
"1473",7.95,0.6,2.6,0.073,44,0.9966,3.38,0.79,11.1,6
"1474",6.7,0.08,1.8,0.071,45,0.9934,3.38,0.54,11,5
"1480",8.48,0.6,3,0.104,22,0.9983,3.39,0.68,10.6,5
"1481",6.22,0.03,1.5,0.08,13,0.995,3.66,0.62,10.1,4
"1482",8.48,0.6,3,0.104,22,0.9983,3.39,0.68,10.6,5
"1483",7.78,0.54,2.1,0.114,9,0.9972,3.33,0.57,10.3,4
"1484",8.43,0.44,1.5,0.042,12,0.9954,3.35,0.61,10.7,5
"1485",7.71,0.06,2,0.06,11,0.9959,3.53,0.64,10.9,4
"1486",7.66,0.16,2.1,0.074,25,0.9961,3.37,0.55,9.7,5
"1487",7.48,0.21,2.1,0.07,23,0.9955,3.38,0.6,10.3,5
"1488",6.64,0.05,1.9,0.066,17,0.995,3.52,0.78,10.6,5
"1490",6.77,0.1,2.1,0.048,11,0.9945,3.44,0.76,10.8,6
"1493",6.85,0.06,1.6,0.05,18,0.9935,3.57,0.54,11.95,5
"1495",6.71,0.09,1.4,0.066,28,0.9946,3.42,0.7,10,7
"1496",7.43,0.02,1.9,0.08,28,0.9949,3.35,0.81,10.6,6
"1498",7.64,0.03,2.3,0.054,16,0.9951,3.45,0.63,11.5,6
"1499",7.49,0.04,2.3,0.068,13,0.9958,3.53,0.58,10.8,6
"1500",7.64,0.03,2.3,0.054,16,0.9951,3.45,0.63,11.5,6
"1501",8.22,0.04,1.5,0.076,15,0.9951,3.26,0.53,9.6,5
"1503",7.88,0.18,2.4,0.078,60,0.9964,3.31,0.54,9.8,5
"1504",6.64,0.39,2.5,0.077,14,0.9956,3.51,0.69,11,6
"1505",7.88,0.57,2.3,0.106,12,0.996,3.36,0.55,11.4,6
"1506",7.46,0.02,1.8,0.078,12,0.996,3.55,0.63,9.95,3
"1507",7.61,0.05,2,0.07,14,0.9956,3.51,0.66,10.8,6
"1508",7.88,0.57,2.3,0.106,12,0.996,3.36,0.55,11.4,6
"1509",7.37,0.6,2.1,0.074,25,0.9981,3.38,0.72,10.6,6
"1510",8.08,0.4,1.8,0.062,20,0.9941,3.28,0.7,11.1,5
"1511",6.76,0.21,2.2,0.047,48,0.9966,3.47,0.77,9.7,6
"1512",7.79,0.04,2.1,0.068,27,0.9971,3.44,0.67,9.8,5
"1513",7.19,0.04,2.2,0.061,17,0.9959,3.53,0.65,10.4,6
"1514",6.96,0.15,1.8,0.078,65,0.9929,3.33,0.6,10.5,6
"1518",7.03,0.06,2,0.063,44,0.9949,3.38,0.83,10.3,6
"1519",7.87,0.46,2.2,0.114,20,0.9965,3.32,0.63,10.5,5
"1520",7.3,0.08,2.6,0.106,27,0.9966,3.44,0.58,10.2,5
"1521",7.03,0.06,2,0.063,44,0.9949,3.38,0.83,10.3,6
"1522",7.38,0.2,1.9,0.082,23,0.9958,3.39,0.43,9.05,4
"1524",7.28,0.25,2,0.076,61,0.9953,3.34,0.6,10.4,5
"1525",6.42,0.19,2,0.075,47,0.9952,3.39,0.78,10,6
"1526",7.18,0.08,2.1,0.064,34,0.9955,3.33,0.64,9.7,5
"1527",7.27,0.08,2.2,0.064,38,0.9955,3.3,0.65,9.6,6
"1528",7.63,0.07,1.7,0.071,24,0.9951,3.29,0.66,10.8,6
"1529",8.19,0.49,2.2,0.096,59,0.9971,3.31,0.67,10.1,6
"1530",7.79,0.08,2.1,0.063,52,0.9961,3.42,0.6,10.2,6
"1531",7.04,0.09,2.2,0.063,18,0.9944,3.42,0.69,11.3,6
"1532",6.8,0.1,2.8,0.081,28,0.9963,3.6,0.66,10.2,5
"1533",7.73,0.13,2,0.058,22,0.9957,3.21,0.68,9.9,6
"1534",8.39,0.3,1.9,0.074,84,0.9972,3.39,0.61,9,5
"1535",7.16,0.14,2.4,0.064,29,0.994,3.42,0.62,11.7,7
"1536",7.55,0.13,2.2,0.075,35,0.9959,3.36,0.59,9.7,6
"1537",6.63,0.08,1.9,0.077,45,0.9953,3.6,0.68,10.3,6
"1538",5.98,0.08,1.9,0.059,31,0.9948,3.5,0.64,10.2,6
"1539",6.84,0.09,2.5,0.081,26,0.9954,3.57,0.63,12,5
"1540",7.59,0.32,1.8,0.065,60,0.9971,3.46,0.78,9.9,5
"1542",7.65,0.29,2.2,0.054,49,0.9967,3.4,0.76,10.9,7
"1543",7.55,0.02,1.9,0.064,38,0.9947,3.3,0.56,10.75,6
"1544",11.54,0.42,2.2,0.064,19,0.9976,3.25,0.57,10.4,6
"1545",8.77,0.43,2.3,0.063,19,0.9955,3.17,0.81,11.2,7
"1546",7.13,0.33,1.8,0.059,28,0.9953,3.36,0.64,10.1,6
"1547",7.57,0.02,2,0.072,26,0.9958,3.36,0.61,10.2,5
"1548",6.9,0.1,1.6,0.048,26,0.9931,3.55,0.51,12.1,5
"1549",11.6,0.5,2,0.099,50,0.9978,3.1,0.58,10.4,5
"1550",7.76,0.3,1.8,0.074,24,0.9942,3.24,0.7,11.4,8
"1551",7.78,0,2.3,0.087,26,0.9978,3.45,0.53,9.5,5
"1552",7.77,0,2.3,0.083,27,0.9977,3.44,0.54,9.4,5
"1554",8.04,0,2.2,0.08,28,0.9976,3.41,0.6,9.4,5
"1555",7.46,0.02,2.4,0.062,23,0.9963,3.54,0.6,11,6
"1556",7.56,0.17,1.7,0.065,24,0.9951,3.44,0.68,10.55,7
"1557",7.48,0.04,2.2,0.066,20,0.9964,3.53,0.56,9.9,5
"1558",7.46,0.02,2.4,0.062,23,0.9963,3.54,0.6,11,6
"1563",7.9,0.13,2,0.076,20,0.9955,3.29,0.54,10.1,5
"1564",7.9,0.13,2,0.076,20,0.9955,3.29,0.54,10.1,5
"1565",7.9,0.13,2,0.076,20,0.9955,3.29,0.54,10.1,5
"1566",7.37,0.02,1.9,0.061,42,0.9949,3.39,0.82,10.9,6
"1567",6.86,0.64,2.1,0.059,52,0.9949,3.34,0.71,11.2,6
"1568",7.9,0.13,2,0.076,20,0.9955,3.29,0.54,10.1,5
"1569",7.56,0.13,1.6,0.077,42,0.9963,3.34,0.59,9.2,5
"1570",6.71,0.14,1.9,0.056,34,0.994,3.48,0.57,11.5,6
"1573",7.99,0.32,2.2,0.069,104,0.9963,3.33,0.51,9.5,5
"1574",6.58,0.2,2.4,0.075,50,0.9947,3.58,0.67,12.5,6
"1576",8.02,0.4,2.2,0.06,20,0.9947,3.26,0.64,11.8,6
"1577",8.3,0.63,1.6,0.081,29,0.9959,3.3,0.78,10.8,6
"1580",6.76,0.09,1.7,0.053,32,0.994,3.54,0.6,11.3,5
"1581",7.75,0.33,2.4,0.068,26,0.9947,3.36,0.6,11.9,6
"1582",6.76,0.09,1.7,0.053,32,0.994,3.54,0.6,11.3,5
"1583",6.81,0.1,2.6,0.053,27,0.9936,3.57,0.5,11.9,5
"1584",6.66,0.29,2.1,0.074,98,0.9958,3.33,0.62,9.8,5
"1585",7.02,0.44,2.4,0.061,34,0.9948,3.29,0.8,11.6,7
"1586",7.59,0.44,2.6,0.066,48,0.9949,3.3,0.84,11.5,6
"1587",7.81,0.41,2.4,0.065,60,0.9949,3.34,0.85,11.4,6
"1588",6.41,0.11,1.8,0.066,28,0.9948,3.55,0.66,10.9,6
"1589",7.86,0.33,2.5,0.068,102,0.9941,3.27,0.78,12.8,6
"1591",6.85,0.15,1.8,0.077,35,0.9931,3.32,0.82,11.6,6
"1592",6.14,0.09,1.7,0.089,26,0.994,3.67,0.56,11.6,6
"1593",6.81,0.13,2.3,0.076,40,0.9957,3.42,0.75,11,6
"1594",7.42,0.08,1.9,0.068,38,0.9965,3.42,0.82,9.5,6
"1595",6.8,0.08,2,0.09,44,0.9949,3.45,0.58,10.5,5
"1596",6.45,0.1,2.2,0.062,51,0.9951,3.52,0.76,11.2,6
"1597",6.81,0.13,2.3,0.076,40,0.9957,3.42,0.75,11,6
"1598",6.54,0.12,2,0.075,44,0.9955,3.57,0.71,10.2,5
"1599",6.31,0.47,3.6,0.067,42,0.9955,3.39,0.66,11,6
